TimeQuest Timing Analyzer report for Do_An
Fri Apr 03 15:50:04 2026
Quartus II 64-Bit Version 13.0.1 Build 232 06/12/2013 Service Pack 1 SJ Web Edition


---------------------
; Table of Contents ;
---------------------
  1. Legal Notice
  2. TimeQuest Timing Analyzer Summary
  3. Parallel Compilation
  4. Clocks
  5. Slow Model Fmax Summary
  6. Slow Model Setup Summary
  7. Slow Model Hold Summary
  8. Slow Model Recovery Summary
  9. Slow Model Removal Summary
 10. Slow Model Minimum Pulse Width Summary
 11. Slow Model Setup: 'enet_clk_div'
 12. Slow Model Setup: 'CLOCK_50'
 13. Slow Model Hold: 'CLOCK_50'
 14. Slow Model Hold: 'enet_clk_div'
 15. Slow Model Minimum Pulse Width: 'CLOCK_50'
 16. Slow Model Minimum Pulse Width: 'enet_clk_div'
 17. Setup Times
 18. Hold Times
 19. Clock to Output Times
 20. Minimum Clock to Output Times
 21. Output Enable Times
 22. Minimum Output Enable Times
 23. Output Disable Times
 24. Minimum Output Disable Times
 25. Fast Model Setup Summary
 26. Fast Model Hold Summary
 27. Fast Model Recovery Summary
 28. Fast Model Removal Summary
 29. Fast Model Minimum Pulse Width Summary
 30. Fast Model Setup: 'enet_clk_div'
 31. Fast Model Setup: 'CLOCK_50'
 32. Fast Model Hold: 'CLOCK_50'
 33. Fast Model Hold: 'enet_clk_div'
 34. Fast Model Minimum Pulse Width: 'CLOCK_50'
 35. Fast Model Minimum Pulse Width: 'enet_clk_div'
 36. Setup Times
 37. Hold Times
 38. Clock to Output Times
 39. Minimum Clock to Output Times
 40. Output Enable Times
 41. Minimum Output Enable Times
 42. Output Disable Times
 43. Minimum Output Disable Times
 44. Multicorner Timing Analysis Summary
 45. Setup Times
 46. Hold Times
 47. Clock to Output Times
 48. Minimum Clock to Output Times
 49. Setup Transfers
 50. Hold Transfers
 51. Report TCCS
 52. Report RSKM
 53. Unconstrained Paths
 54. TimeQuest Timing Analyzer Messages



----------------
; Legal Notice ;
----------------
Copyright (C) 1991-2013 Altera Corporation
Your use of Altera Corporation's design tools, logic functions 
and other software and tools, and its AMPP partner logic 
functions, and any output files from any of the foregoing 
(including device programming or simulation files), and any 
associated documentation or information are expressly subject 
to the terms and conditions of the Altera Program License 
Subscription Agreement, Altera MegaCore Function License 
Agreement, or other applicable license agreement, including, 
without limitation, that your use is for the sole purpose of 
programming logic devices manufactured by Altera and sold by 
Altera or its authorized distributors.  Please refer to the 
applicable agreement for further details.



+----------------------------------------------------------------------------------------+
; TimeQuest Timing Analyzer Summary                                                      ;
+--------------------+-------------------------------------------------------------------+
; Quartus II Version ; Version 13.0.1 Build 232 06/12/2013 Service Pack 1 SJ Web Edition ;
; Revision Name      ; Do_An                                                             ;
; Device Family      ; Cyclone II                                                        ;
; Device Name        ; EP2C35F672C6                                                      ;
; Timing Models      ; Final                                                             ;
; Delay Model        ; Combined                                                          ;
; Rise/Fall Delays   ; Unavailable                                                       ;
+--------------------+-------------------------------------------------------------------+


Parallel compilation was disabled, but you have multiple processors available. Enable parallel compilation to reduce compilation time.
+-------------------------------------+
; Parallel Compilation                ;
+----------------------------+--------+
; Processors                 ; Number ;
+----------------------------+--------+
; Number detected on machine ; 12     ;
; Maximum allowed            ; 1      ;
+----------------------------+--------+


+--------------------------------------------------------------------------------------------------------------------------------------------------------------------------------------------+
; Clocks                                                                                                                                                                                     ;
+--------------+------+--------+------------+-------+-------+------------+-----------+-------------+-------+--------+-----------+------------+----------+--------+--------+------------------+
; Clock Name   ; Type ; Period ; Frequency  ; Rise  ; Fall  ; Duty Cycle ; Divide by ; Multiply by ; Phase ; Offset ; Edge List ; Edge Shift ; Inverted ; Master ; Source ; Targets          ;
+--------------+------+--------+------------+-------+-------+------------+-----------+-------------+-------+--------+-----------+------------+----------+--------+--------+------------------+
; CLOCK_50     ; Base ; 1.000  ; 1000.0 MHz ; 0.000 ; 0.500 ;            ;           ;             ;       ;        ;           ;            ;          ;        ;        ; { CLOCK_50 }     ;
; enet_clk_div ; Base ; 1.000  ; 1000.0 MHz ; 0.000 ; 0.500 ;            ;           ;             ;       ;        ;           ;            ;          ;        ;        ; { enet_clk_div } ;
+--------------+------+--------+------------+-------+-------+------------+-----------+-------------+-------+--------+-----------+------------+----------+--------+--------+------------------+


+----------------------------------------------------+
; Slow Model Fmax Summary                            ;
+------------+-----------------+--------------+------+
; Fmax       ; Restricted Fmax ; Clock Name   ; Note ;
+------------+-----------------+--------------+------+
; 166.11 MHz ; 166.11 MHz      ; enet_clk_div ;      ;
+------------+-----------------+--------------+------+
This panel reports FMAX for every clock in the design, regardless of the user-specified clock periods.  FMAX is only computed for paths where the source and destination registers or ports are driven by the same clock.  Paths of different clocks, including generated clocks, are ignored.  For paths between a clock and its inversion, FMAX is computed as if the rising and falling edges are scaled along with FMAX, such that the duty cycle (in terms of a percentage) is maintained. Altera recommends that you always use clock constraints and other slack reports for sign-off analysis.


+---------------------------------------+
; Slow Model Setup Summary              ;
+--------------+--------+---------------+
; Clock        ; Slack  ; End Point TNS ;
+--------------+--------+---------------+
; enet_clk_div ; -5.020 ; -868.353      ;
; CLOCK_50     ; 2.443  ; 0.000         ;
+--------------+--------+---------------+


+---------------------------------------+
; Slow Model Hold Summary               ;
+--------------+--------+---------------+
; Clock        ; Slack  ; End Point TNS ;
+--------------+--------+---------------+
; CLOCK_50     ; -2.173 ; -2.173        ;
; enet_clk_div ; 0.391  ; 0.000         ;
+--------------+--------+---------------+


-------------------------------
; Slow Model Recovery Summary ;
-------------------------------
No paths to report.


------------------------------
; Slow Model Removal Summary ;
------------------------------
No paths to report.


+----------------------------------------+
; Slow Model Minimum Pulse Width Summary ;
+--------------+--------+----------------+
; Clock        ; Slack  ; End Point TNS  ;
+--------------+--------+----------------+
; CLOCK_50     ; -1.222 ; -2.222         ;
; enet_clk_div ; -0.500 ; -449.000       ;
+--------------+--------+----------------+


+------------------------------------------------------------------------------------------------------------------------------------------------------------------------+
; Slow Model Setup: 'enet_clk_div'                                                                                                                                       ;
+--------+--------------------------------------------+-------------------------------------------+--------------+--------------+--------------+------------+------------+
; Slack  ; From Node                                  ; To Node                                   ; Launch Clock ; Latch Clock  ; Relationship ; Clock Skew ; Data Delay ;
+--------+--------------------------------------------+-------------------------------------------+--------------+--------------+--------------+------------+------------+
; -5.020 ; eth_to_sdram_bridge:u_bridge|wb_addr_o[10] ; sdram:u_sdram|bank_q[0]                   ; enet_clk_div ; enet_clk_div ; 1.000        ; -0.008     ; 6.048      ;
; -5.020 ; eth_to_sdram_bridge:u_bridge|wb_addr_o[10] ; sdram:u_sdram|bank_q[1]                   ; enet_clk_div ; enet_clk_div ; 1.000        ; -0.008     ; 6.048      ;
; -4.914 ; eth_to_sdram_bridge:u_bridge|wb_addr_o[11] ; sdram:u_sdram|bank_q[0]                   ; enet_clk_div ; enet_clk_div ; 1.000        ; -0.008     ; 5.942      ;
; -4.914 ; eth_to_sdram_bridge:u_bridge|wb_addr_o[11] ; sdram:u_sdram|bank_q[1]                   ; enet_clk_div ; enet_clk_div ; 1.000        ; -0.008     ; 5.942      ;
; -4.883 ; eth_to_sdram_bridge:u_bridge|wb_addr_o[10] ; sdram:u_sdram|target_state_q.STATE_WRITE0 ; enet_clk_div ; enet_clk_div ; 1.000        ; -0.018     ; 5.901      ;
; -4.883 ; eth_to_sdram_bridge:u_bridge|wb_addr_o[10] ; sdram:u_sdram|target_state_q.STATE_IDLE   ; enet_clk_div ; enet_clk_div ; 1.000        ; -0.018     ; 5.901      ;
; -4.883 ; eth_to_sdram_bridge:u_bridge|wb_addr_o[10] ; sdram:u_sdram|target_state_q.STATE_READ   ; enet_clk_div ; enet_clk_div ; 1.000        ; -0.018     ; 5.901      ;
; -4.773 ; eth_to_sdram_bridge:u_bridge|wb_addr_o[11] ; sdram:u_sdram|target_state_q.STATE_WRITE0 ; enet_clk_div ; enet_clk_div ; 1.000        ; -0.018     ; 5.791      ;
; -4.773 ; eth_to_sdram_bridge:u_bridge|wb_addr_o[11] ; sdram:u_sdram|target_state_q.STATE_IDLE   ; enet_clk_div ; enet_clk_div ; 1.000        ; -0.018     ; 5.791      ;
; -4.773 ; eth_to_sdram_bridge:u_bridge|wb_addr_o[11] ; sdram:u_sdram|target_state_q.STATE_READ   ; enet_clk_div ; enet_clk_div ; 1.000        ; -0.018     ; 5.791      ;
; -4.712 ; sdram:u_sdram|active_row_q[1][0]           ; sdram:u_sdram|bank_q[0]                   ; enet_clk_div ; enet_clk_div ; 1.000        ; -0.037     ; 5.711      ;
; -4.712 ; sdram:u_sdram|active_row_q[1][0]           ; sdram:u_sdram|bank_q[1]                   ; enet_clk_div ; enet_clk_div ; 1.000        ; -0.037     ; 5.711      ;
; -4.710 ; sdram:u_sdram|active_row_q[1][8]           ; sdram:u_sdram|bank_q[0]                   ; enet_clk_div ; enet_clk_div ; 1.000        ; 0.000      ; 5.746      ;
; -4.710 ; sdram:u_sdram|active_row_q[1][8]           ; sdram:u_sdram|bank_q[1]                   ; enet_clk_div ; enet_clk_div ; 1.000        ; 0.000      ; 5.746      ;
; -4.636 ; sdram:u_sdram|active_row_q[2][1]           ; sdram:u_sdram|bank_q[0]                   ; enet_clk_div ; enet_clk_div ; 1.000        ; -0.008     ; 5.664      ;
; -4.636 ; sdram:u_sdram|active_row_q[2][1]           ; sdram:u_sdram|bank_q[1]                   ; enet_clk_div ; enet_clk_div ; 1.000        ; -0.008     ; 5.664      ;
; -4.629 ; eth_to_sdram_bridge:u_bridge|wb_addr_o[10] ; sdram:u_sdram|row_open_q[0]               ; enet_clk_div ; enet_clk_div ; 1.000        ; -0.008     ; 5.657      ;
; -4.612 ; eth_to_sdram_bridge:u_bridge|wb_addr_o[10] ; sdram:u_sdram|row_open_q[2]               ; enet_clk_div ; enet_clk_div ; 1.000        ; -0.008     ; 5.640      ;
; -4.610 ; eth_to_sdram_bridge:u_bridge|wb_addr_o[10] ; sdram:u_sdram|row_open_q[1]               ; enet_clk_div ; enet_clk_div ; 1.000        ; -0.008     ; 5.638      ;
; -4.580 ; sdram:u_sdram|active_row_q[1][4]           ; sdram:u_sdram|bank_q[0]                   ; enet_clk_div ; enet_clk_div ; 1.000        ; 0.000      ; 5.616      ;
; -4.580 ; sdram:u_sdram|active_row_q[1][4]           ; sdram:u_sdram|bank_q[1]                   ; enet_clk_div ; enet_clk_div ; 1.000        ; 0.000      ; 5.616      ;
; -4.575 ; sdram:u_sdram|active_row_q[1][0]           ; sdram:u_sdram|target_state_q.STATE_WRITE0 ; enet_clk_div ; enet_clk_div ; 1.000        ; -0.047     ; 5.564      ;
; -4.575 ; sdram:u_sdram|active_row_q[1][0]           ; sdram:u_sdram|target_state_q.STATE_IDLE   ; enet_clk_div ; enet_clk_div ; 1.000        ; -0.047     ; 5.564      ;
; -4.575 ; sdram:u_sdram|active_row_q[1][0]           ; sdram:u_sdram|target_state_q.STATE_READ   ; enet_clk_div ; enet_clk_div ; 1.000        ; -0.047     ; 5.564      ;
; -4.569 ; sdram:u_sdram|active_row_q[1][8]           ; sdram:u_sdram|target_state_q.STATE_WRITE0 ; enet_clk_div ; enet_clk_div ; 1.000        ; -0.010     ; 5.595      ;
; -4.569 ; sdram:u_sdram|active_row_q[1][8]           ; sdram:u_sdram|target_state_q.STATE_IDLE   ; enet_clk_div ; enet_clk_div ; 1.000        ; -0.010     ; 5.595      ;
; -4.569 ; sdram:u_sdram|active_row_q[1][8]           ; sdram:u_sdram|target_state_q.STATE_READ   ; enet_clk_div ; enet_clk_div ; 1.000        ; -0.010     ; 5.595      ;
; -4.523 ; eth_to_sdram_bridge:u_bridge|wb_addr_o[10] ; sdram:u_sdram|state_q.STATE_IDLE          ; enet_clk_div ; enet_clk_div ; 1.000        ; 0.011      ; 5.570      ;
; -4.523 ; eth_to_sdram_bridge:u_bridge|wb_addr_o[11] ; sdram:u_sdram|row_open_q[0]               ; enet_clk_div ; enet_clk_div ; 1.000        ; -0.008     ; 5.551      ;
; -4.513 ; eth_to_sdram_bridge:u_bridge|wb_addr_o[10] ; sdram:u_sdram|state_q.STATE_PRECHARGE     ; enet_clk_div ; enet_clk_div ; 1.000        ; -0.018     ; 5.531      ;
; -4.506 ; eth_to_sdram_bridge:u_bridge|wb_addr_o[11] ; sdram:u_sdram|row_open_q[2]               ; enet_clk_div ; enet_clk_div ; 1.000        ; -0.008     ; 5.534      ;
; -4.504 ; eth_to_sdram_bridge:u_bridge|wb_addr_o[11] ; sdram:u_sdram|row_open_q[1]               ; enet_clk_div ; enet_clk_div ; 1.000        ; -0.008     ; 5.532      ;
; -4.500 ; sdram:u_sdram|active_row_q[2][11]          ; sdram:u_sdram|bank_q[0]                   ; enet_clk_div ; enet_clk_div ; 1.000        ; -0.008     ; 5.528      ;
; -4.500 ; sdram:u_sdram|active_row_q[2][11]          ; sdram:u_sdram|bank_q[1]                   ; enet_clk_div ; enet_clk_div ; 1.000        ; -0.008     ; 5.528      ;
; -4.499 ; sdram:u_sdram|active_row_q[2][1]           ; sdram:u_sdram|target_state_q.STATE_WRITE0 ; enet_clk_div ; enet_clk_div ; 1.000        ; -0.018     ; 5.517      ;
; -4.499 ; sdram:u_sdram|active_row_q[2][1]           ; sdram:u_sdram|target_state_q.STATE_IDLE   ; enet_clk_div ; enet_clk_div ; 1.000        ; -0.018     ; 5.517      ;
; -4.499 ; sdram:u_sdram|active_row_q[2][1]           ; sdram:u_sdram|target_state_q.STATE_READ   ; enet_clk_div ; enet_clk_div ; 1.000        ; -0.018     ; 5.517      ;
; -4.443 ; sdram:u_sdram|active_row_q[1][4]           ; sdram:u_sdram|target_state_q.STATE_WRITE0 ; enet_clk_div ; enet_clk_div ; 1.000        ; -0.010     ; 5.469      ;
; -4.443 ; sdram:u_sdram|active_row_q[1][4]           ; sdram:u_sdram|target_state_q.STATE_IDLE   ; enet_clk_div ; enet_clk_div ; 1.000        ; -0.010     ; 5.469      ;
; -4.443 ; sdram:u_sdram|active_row_q[1][4]           ; sdram:u_sdram|target_state_q.STATE_READ   ; enet_clk_div ; enet_clk_div ; 1.000        ; -0.010     ; 5.469      ;
; -4.443 ; eth_to_sdram_bridge:u_bridge|wb_addr_o[11] ; sdram:u_sdram|state_q.STATE_PRECHARGE     ; enet_clk_div ; enet_clk_div ; 1.000        ; -0.018     ; 5.461      ;
; -4.435 ; sdram:u_sdram|active_row_q[1][10]          ; sdram:u_sdram|bank_q[0]                   ; enet_clk_div ; enet_clk_div ; 1.000        ; -0.010     ; 5.461      ;
; -4.435 ; sdram:u_sdram|active_row_q[1][10]          ; sdram:u_sdram|bank_q[1]                   ; enet_clk_div ; enet_clk_div ; 1.000        ; -0.010     ; 5.461      ;
; -4.422 ; eth_to_sdram_bridge:u_bridge|wb_addr_o[11] ; sdram:u_sdram|state_q.STATE_IDLE          ; enet_clk_div ; enet_clk_div ; 1.000        ; 0.011      ; 5.469      ;
; -4.419 ; sdram:u_sdram|active_row_q[1][2]           ; sdram:u_sdram|bank_q[0]                   ; enet_clk_div ; enet_clk_div ; 1.000        ; 0.000      ; 5.455      ;
; -4.419 ; sdram:u_sdram|active_row_q[1][2]           ; sdram:u_sdram|bank_q[1]                   ; enet_clk_div ; enet_clk_div ; 1.000        ; 0.000      ; 5.455      ;
; -4.417 ; sdram:u_sdram|active_row_q[2][5]           ; sdram:u_sdram|bank_q[0]                   ; enet_clk_div ; enet_clk_div ; 1.000        ; -0.037     ; 5.416      ;
; -4.417 ; sdram:u_sdram|active_row_q[2][5]           ; sdram:u_sdram|bank_q[1]                   ; enet_clk_div ; enet_clk_div ; 1.000        ; -0.037     ; 5.416      ;
; -4.373 ; sdram:u_sdram|active_row_q[1][12]          ; sdram:u_sdram|bank_q[0]                   ; enet_clk_div ; enet_clk_div ; 1.000        ; -0.037     ; 5.372      ;
; -4.373 ; sdram:u_sdram|active_row_q[1][12]          ; sdram:u_sdram|bank_q[1]                   ; enet_clk_div ; enet_clk_div ; 1.000        ; -0.037     ; 5.372      ;
; -4.364 ; sdram:u_sdram|active_row_q[2][9]           ; sdram:u_sdram|bank_q[0]                   ; enet_clk_div ; enet_clk_div ; 1.000        ; -0.029     ; 5.371      ;
; -4.364 ; sdram:u_sdram|active_row_q[2][9]           ; sdram:u_sdram|bank_q[1]                   ; enet_clk_div ; enet_clk_div ; 1.000        ; -0.029     ; 5.371      ;
; -4.359 ; sdram:u_sdram|active_row_q[2][11]          ; sdram:u_sdram|target_state_q.STATE_WRITE0 ; enet_clk_div ; enet_clk_div ; 1.000        ; -0.018     ; 5.377      ;
; -4.359 ; sdram:u_sdram|active_row_q[2][11]          ; sdram:u_sdram|target_state_q.STATE_IDLE   ; enet_clk_div ; enet_clk_div ; 1.000        ; -0.018     ; 5.377      ;
; -4.359 ; sdram:u_sdram|active_row_q[2][11]          ; sdram:u_sdram|target_state_q.STATE_READ   ; enet_clk_div ; enet_clk_div ; 1.000        ; -0.018     ; 5.377      ;
; -4.321 ; sdram:u_sdram|active_row_q[1][0]           ; sdram:u_sdram|row_open_q[0]               ; enet_clk_div ; enet_clk_div ; 1.000        ; -0.037     ; 5.320      ;
; -4.319 ; sdram:u_sdram|active_row_q[1][8]           ; sdram:u_sdram|row_open_q[0]               ; enet_clk_div ; enet_clk_div ; 1.000        ; 0.000      ; 5.355      ;
; -4.315 ; sdram:u_sdram|active_row_q[0][0]           ; sdram:u_sdram|bank_q[0]                   ; enet_clk_div ; enet_clk_div ; 1.000        ; -0.037     ; 5.314      ;
; -4.315 ; sdram:u_sdram|active_row_q[0][0]           ; sdram:u_sdram|bank_q[1]                   ; enet_clk_div ; enet_clk_div ; 1.000        ; -0.037     ; 5.314      ;
; -4.304 ; sdram:u_sdram|active_row_q[1][0]           ; sdram:u_sdram|row_open_q[2]               ; enet_clk_div ; enet_clk_div ; 1.000        ; -0.037     ; 5.303      ;
; -4.302 ; sdram:u_sdram|active_row_q[1][0]           ; sdram:u_sdram|row_open_q[1]               ; enet_clk_div ; enet_clk_div ; 1.000        ; -0.037     ; 5.301      ;
; -4.302 ; sdram:u_sdram|active_row_q[1][8]           ; sdram:u_sdram|row_open_q[2]               ; enet_clk_div ; enet_clk_div ; 1.000        ; 0.000      ; 5.338      ;
; -4.300 ; sdram:u_sdram|active_row_q[1][8]           ; sdram:u_sdram|row_open_q[1]               ; enet_clk_div ; enet_clk_div ; 1.000        ; 0.000      ; 5.336      ;
; -4.297 ; sdram:u_sdram|active_row_q[3][1]           ; sdram:u_sdram|bank_q[0]                   ; enet_clk_div ; enet_clk_div ; 1.000        ; -0.008     ; 5.325      ;
; -4.297 ; sdram:u_sdram|active_row_q[3][1]           ; sdram:u_sdram|bank_q[1]                   ; enet_clk_div ; enet_clk_div ; 1.000        ; -0.008     ; 5.325      ;
; -4.294 ; sdram:u_sdram|active_row_q[1][10]          ; sdram:u_sdram|target_state_q.STATE_WRITE0 ; enet_clk_div ; enet_clk_div ; 1.000        ; -0.020     ; 5.310      ;
; -4.294 ; sdram:u_sdram|active_row_q[1][10]          ; sdram:u_sdram|target_state_q.STATE_IDLE   ; enet_clk_div ; enet_clk_div ; 1.000        ; -0.020     ; 5.310      ;
; -4.294 ; sdram:u_sdram|active_row_q[1][10]          ; sdram:u_sdram|target_state_q.STATE_READ   ; enet_clk_div ; enet_clk_div ; 1.000        ; -0.020     ; 5.310      ;
; -4.282 ; sdram:u_sdram|active_row_q[1][2]           ; sdram:u_sdram|target_state_q.STATE_WRITE0 ; enet_clk_div ; enet_clk_div ; 1.000        ; -0.010     ; 5.308      ;
; -4.282 ; sdram:u_sdram|active_row_q[1][2]           ; sdram:u_sdram|target_state_q.STATE_IDLE   ; enet_clk_div ; enet_clk_div ; 1.000        ; -0.010     ; 5.308      ;
; -4.282 ; sdram:u_sdram|active_row_q[1][2]           ; sdram:u_sdram|target_state_q.STATE_READ   ; enet_clk_div ; enet_clk_div ; 1.000        ; -0.010     ; 5.308      ;
; -4.280 ; sdram:u_sdram|active_row_q[2][5]           ; sdram:u_sdram|target_state_q.STATE_WRITE0 ; enet_clk_div ; enet_clk_div ; 1.000        ; -0.047     ; 5.269      ;
; -4.280 ; sdram:u_sdram|active_row_q[2][5]           ; sdram:u_sdram|target_state_q.STATE_IDLE   ; enet_clk_div ; enet_clk_div ; 1.000        ; -0.047     ; 5.269      ;
; -4.280 ; sdram:u_sdram|active_row_q[2][5]           ; sdram:u_sdram|target_state_q.STATE_READ   ; enet_clk_div ; enet_clk_div ; 1.000        ; -0.047     ; 5.269      ;
; -4.278 ; eth_to_sdram_bridge:u_bridge|wb_addr_o[10] ; sdram:u_sdram|delay_state_q.STATE_WRITE0  ; enet_clk_div ; enet_clk_div ; 1.000        ; 0.011      ; 5.325      ;
; -4.267 ; eth_to_sdram_bridge:u_bridge|wb_addr_o[10] ; sdram:u_sdram|state_q.STATE_WRITE0        ; enet_clk_div ; enet_clk_div ; 1.000        ; 0.011      ; 5.314      ;
; -4.265 ; sdram:u_sdram|active_row_q[2][8]           ; sdram:u_sdram|bank_q[0]                   ; enet_clk_div ; enet_clk_div ; 1.000        ; -0.029     ; 5.272      ;
; -4.265 ; sdram:u_sdram|active_row_q[2][8]           ; sdram:u_sdram|bank_q[1]                   ; enet_clk_div ; enet_clk_div ; 1.000        ; -0.029     ; 5.272      ;
; -4.259 ; sdram:u_sdram|active_row_q[2][3]           ; sdram:u_sdram|bank_q[0]                   ; enet_clk_div ; enet_clk_div ; 1.000        ; -0.029     ; 5.266      ;
; -4.259 ; sdram:u_sdram|active_row_q[2][3]           ; sdram:u_sdram|bank_q[1]                   ; enet_clk_div ; enet_clk_div ; 1.000        ; -0.029     ; 5.266      ;
; -4.245 ; sdram:u_sdram|active_row_q[2][1]           ; sdram:u_sdram|row_open_q[0]               ; enet_clk_div ; enet_clk_div ; 1.000        ; -0.008     ; 5.273      ;
; -4.239 ; sdram:u_sdram|active_row_q[1][8]           ; sdram:u_sdram|state_q.STATE_PRECHARGE     ; enet_clk_div ; enet_clk_div ; 1.000        ; -0.010     ; 5.265      ;
; -4.238 ; sdram:u_sdram|active_row_q[3][11]          ; sdram:u_sdram|bank_q[0]                   ; enet_clk_div ; enet_clk_div ; 1.000        ; -0.008     ; 5.266      ;
; -4.238 ; sdram:u_sdram|active_row_q[3][11]          ; sdram:u_sdram|bank_q[1]                   ; enet_clk_div ; enet_clk_div ; 1.000        ; -0.008     ; 5.266      ;
; -4.237 ; sdram:u_sdram|active_row_q[1][6]           ; sdram:u_sdram|bank_q[0]                   ; enet_clk_div ; enet_clk_div ; 1.000        ; 0.000      ; 5.273      ;
; -4.237 ; sdram:u_sdram|active_row_q[1][6]           ; sdram:u_sdram|bank_q[1]                   ; enet_clk_div ; enet_clk_div ; 1.000        ; 0.000      ; 5.273      ;
; -4.232 ; sdram:u_sdram|active_row_q[1][12]          ; sdram:u_sdram|target_state_q.STATE_WRITE0 ; enet_clk_div ; enet_clk_div ; 1.000        ; -0.047     ; 5.221      ;
; -4.232 ; sdram:u_sdram|active_row_q[1][12]          ; sdram:u_sdram|target_state_q.STATE_IDLE   ; enet_clk_div ; enet_clk_div ; 1.000        ; -0.047     ; 5.221      ;
; -4.232 ; sdram:u_sdram|active_row_q[1][12]          ; sdram:u_sdram|target_state_q.STATE_READ   ; enet_clk_div ; enet_clk_div ; 1.000        ; -0.047     ; 5.221      ;
; -4.228 ; sdram:u_sdram|active_row_q[2][1]           ; sdram:u_sdram|row_open_q[2]               ; enet_clk_div ; enet_clk_div ; 1.000        ; -0.008     ; 5.256      ;
; -4.226 ; sdram:u_sdram|active_row_q[2][1]           ; sdram:u_sdram|row_open_q[1]               ; enet_clk_div ; enet_clk_div ; 1.000        ; -0.008     ; 5.254      ;
; -4.223 ; sdram:u_sdram|active_row_q[2][9]           ; sdram:u_sdram|target_state_q.STATE_WRITE0 ; enet_clk_div ; enet_clk_div ; 1.000        ; -0.039     ; 5.220      ;
; -4.223 ; sdram:u_sdram|active_row_q[2][9]           ; sdram:u_sdram|target_state_q.STATE_IDLE   ; enet_clk_div ; enet_clk_div ; 1.000        ; -0.039     ; 5.220      ;
; -4.223 ; sdram:u_sdram|active_row_q[2][9]           ; sdram:u_sdram|target_state_q.STATE_READ   ; enet_clk_div ; enet_clk_div ; 1.000        ; -0.039     ; 5.220      ;
; -4.218 ; sdram:u_sdram|active_row_q[1][8]           ; sdram:u_sdram|state_q.STATE_IDLE          ; enet_clk_div ; enet_clk_div ; 1.000        ; 0.019      ; 5.273      ;
; -4.215 ; sdram:u_sdram|active_row_q[1][0]           ; sdram:u_sdram|state_q.STATE_IDLE          ; enet_clk_div ; enet_clk_div ; 1.000        ; -0.018     ; 5.233      ;
; -4.206 ; eth_to_sdram_bridge:u_bridge|wb_addr_o[10] ; sdram:u_sdram|row_open_q[3]               ; enet_clk_div ; enet_clk_div ; 1.000        ; -0.008     ; 5.234      ;
; -4.206 ; eth_to_sdram_bridge:u_bridge|wb_addr_o[10] ; sdram:u_sdram|addr_q[10]                  ; enet_clk_div ; enet_clk_div ; 1.000        ; -0.008     ; 5.234      ;
; -4.196 ; dm9000_core:u_core|rx_words_left[10]       ; dm9000_core:u_core|bus_req_reg_addr[4]    ; enet_clk_div ; enet_clk_div ; 1.000        ; 0.004      ; 5.236      ;
; -4.189 ; sdram:u_sdram|active_row_q[1][4]           ; sdram:u_sdram|row_open_q[0]               ; enet_clk_div ; enet_clk_div ; 1.000        ; 0.000      ; 5.225      ;
+--------+--------------------------------------------+-------------------------------------------+--------------+--------------+--------------+------------+------------+


+-----------------------------------------------------------------------------------------------------------+
; Slow Model Setup: 'CLOCK_50'                                                                              ;
+-------+--------------+--------------+--------------+-------------+--------------+------------+------------+
; Slack ; From Node    ; To Node      ; Launch Clock ; Latch Clock ; Relationship ; Clock Skew ; Data Delay ;
+-------+--------------+--------------+--------------+-------------+--------------+------------+------------+
; 2.443 ; enet_clk_div ; enet_clk_div ; enet_clk_div ; CLOCK_50    ; 0.500        ; 2.314      ; 0.657      ;
; 2.943 ; enet_clk_div ; enet_clk_div ; enet_clk_div ; CLOCK_50    ; 1.000        ; 2.314      ; 0.657      ;
+-------+--------------+--------------+--------------+-------------+--------------+------------+------------+


+------------------------------------------------------------------------------------------------------------+
; Slow Model Hold: 'CLOCK_50'                                                                                ;
+--------+--------------+--------------+--------------+-------------+--------------+------------+------------+
; Slack  ; From Node    ; To Node      ; Launch Clock ; Latch Clock ; Relationship ; Clock Skew ; Data Delay ;
+--------+--------------+--------------+--------------+-------------+--------------+------------+------------+
; -2.173 ; enet_clk_div ; enet_clk_div ; enet_clk_div ; CLOCK_50    ; 0.000        ; 2.314      ; 0.657      ;
; -1.673 ; enet_clk_div ; enet_clk_div ; enet_clk_div ; CLOCK_50    ; -0.500       ; 2.314      ; 0.657      ;
+--------+--------------+--------------+--------------+-------------+--------------+------------+------------+


+----------------------------------------------------------------------------------------------------------------------------------------------------------------------------------+
; Slow Model Hold: 'enet_clk_div'                                                                                                                                                  ;
+-------+-------------------------------------------------+-------------------------------------------------+--------------+--------------+--------------+------------+------------+
; Slack ; From Node                                       ; To Node                                         ; Launch Clock ; Latch Clock  ; Relationship ; Clock Skew ; Data Delay ;
+-------+-------------------------------------------------+-------------------------------------------------+--------------+--------------+--------------+------------+------------+
; 0.391 ; dm9000_bus_if:u_bus|state.S_RESET_HOLD          ; dm9000_bus_if:u_bus|state.S_RESET_HOLD          ; enet_clk_div ; enet_clk_div ; 0.000        ; 0.000      ; 0.657      ;
; 0.391 ; dm9000_core:u_core|state.S_RX_DATA              ; dm9000_core:u_core|state.S_RX_DATA              ; enet_clk_div ; enet_clk_div ; 0.000        ; 0.000      ; 0.657      ;
; 0.391 ; dm9000_core:u_core|rx_frame_ready               ; dm9000_core:u_core|rx_frame_ready               ; enet_clk_div ; enet_clk_div ; 0.000        ; 0.000      ; 0.657      ;
; 0.391 ; eth_to_sdram_bridge:u_bridge|state.S_HDR_MAGIC  ; eth_to_sdram_bridge:u_bridge|state.S_HDR_MAGIC  ; enet_clk_div ; enet_clk_div ; 0.000        ; 0.000      ; 0.657      ;
; 0.391 ; dm9000_bus_if:u_bus|data_oe                     ; dm9000_bus_if:u_bus|data_oe                     ; enet_clk_div ; enet_clk_div ; 0.000        ; 0.000      ; 0.657      ;
; 0.391 ; dm9000_core:u_core|bus_req_wdata[2]             ; dm9000_core:u_core|bus_req_wdata[2]             ; enet_clk_div ; enet_clk_div ; 0.000        ; 0.000      ; 0.657      ;
; 0.391 ; dm9000_core:u_core|bus_req_reg_addr[2]          ; dm9000_core:u_core|bus_req_reg_addr[2]          ; enet_clk_div ; enet_clk_div ; 0.000        ; 0.000      ; 0.657      ;
; 0.391 ; dm9000_bus_if:u_bus|data_out[2]                 ; dm9000_bus_if:u_bus|data_out[2]                 ; enet_clk_div ; enet_clk_div ; 0.000        ; 0.000      ; 0.657      ;
; 0.391 ; dm9000_core:u_core|bus_req_wdata[3]             ; dm9000_core:u_core|bus_req_wdata[3]             ; enet_clk_div ; enet_clk_div ; 0.000        ; 0.000      ; 0.657      ;
; 0.391 ; dm9000_core:u_core|bus_req_reg_addr[3]          ; dm9000_core:u_core|bus_req_reg_addr[3]          ; enet_clk_div ; enet_clk_div ; 0.000        ; 0.000      ; 0.657      ;
; 0.391 ; dm9000_bus_if:u_bus|data_out[3]                 ; dm9000_bus_if:u_bus|data_out[3]                 ; enet_clk_div ; enet_clk_div ; 0.000        ; 0.000      ; 0.657      ;
; 0.391 ; dm9000_core:u_core|bus_req_reg_addr[6]          ; dm9000_core:u_core|bus_req_reg_addr[6]          ; enet_clk_div ; enet_clk_div ; 0.000        ; 0.000      ; 0.657      ;
; 0.391 ; dm9000_core:u_core|bus_req_reg_addr[1]          ; dm9000_core:u_core|bus_req_reg_addr[1]          ; enet_clk_div ; enet_clk_div ; 0.000        ; 0.000      ; 0.657      ;
; 0.391 ; dm9000_bus_if:u_bus|data_out[1]                 ; dm9000_bus_if:u_bus|data_out[1]                 ; enet_clk_div ; enet_clk_div ; 0.000        ; 0.000      ; 0.657      ;
; 0.391 ; dm9000_bus_if:u_bus|data_out[7]                 ; dm9000_bus_if:u_bus|data_out[7]                 ; enet_clk_div ; enet_clk_div ; 0.000        ; 0.000      ; 0.657      ;
; 0.391 ; dm9000_core:u_core|bus_req_reg_addr[4]          ; dm9000_core:u_core|bus_req_reg_addr[4]          ; enet_clk_div ; enet_clk_div ; 0.000        ; 0.000      ; 0.657      ;
; 0.391 ; dm9000_bus_if:u_bus|data_out[4]                 ; dm9000_bus_if:u_bus|data_out[4]                 ; enet_clk_div ; enet_clk_div ; 0.000        ; 0.000      ; 0.657      ;
; 0.391 ; dm9000_core:u_core|bus_req_reg_addr[5]          ; dm9000_core:u_core|bus_req_reg_addr[5]          ; enet_clk_div ; enet_clk_div ; 0.000        ; 0.000      ; 0.657      ;
; 0.391 ; dm9000_bus_if:u_bus|data_out[5]                 ; dm9000_bus_if:u_bus|data_out[5]                 ; enet_clk_div ; enet_clk_div ; 0.000        ; 0.000      ; 0.657      ;
; 0.391 ; dm9000_bus_if:u_bus|data_out[6]                 ; dm9000_bus_if:u_bus|data_out[6]                 ; enet_clk_div ; enet_clk_div ; 0.000        ; 0.000      ; 0.657      ;
; 0.391 ; sdram:u_sdram|refresh_q                         ; sdram:u_sdram|refresh_q                         ; enet_clk_div ; enet_clk_div ; 0.000        ; 0.000      ; 0.657      ;
; 0.391 ; sdram:u_sdram|row_open_q[0]                     ; sdram:u_sdram|row_open_q[0]                     ; enet_clk_div ; enet_clk_div ; 0.000        ; 0.000      ; 0.657      ;
; 0.391 ; sdram:u_sdram|row_open_q[2]                     ; sdram:u_sdram|row_open_q[2]                     ; enet_clk_div ; enet_clk_div ; 0.000        ; 0.000      ; 0.657      ;
; 0.391 ; sdram:u_sdram|row_open_q[1]                     ; sdram:u_sdram|row_open_q[1]                     ; enet_clk_div ; enet_clk_div ; 0.000        ; 0.000      ; 0.657      ;
; 0.391 ; sdram:u_sdram|delay_state_q.STATE_INIT          ; sdram:u_sdram|delay_state_q.STATE_INIT          ; enet_clk_div ; enet_clk_div ; 0.000        ; 0.000      ; 0.657      ;
; 0.391 ; sdram:u_sdram|target_state_q.STATE_REFRESH      ; sdram:u_sdram|target_state_q.STATE_REFRESH      ; enet_clk_div ; enet_clk_div ; 0.000        ; 0.000      ; 0.657      ;
; 0.391 ; sdram:u_sdram|row_open_q[3]                     ; sdram:u_sdram|row_open_q[3]                     ; enet_clk_div ; enet_clk_div ; 0.000        ; 0.000      ; 0.657      ;
; 0.391 ; sdram:u_sdram|delay_state_q.STATE_READ          ; sdram:u_sdram|delay_state_q.STATE_READ          ; enet_clk_div ; enet_clk_div ; 0.000        ; 0.000      ; 0.657      ;
; 0.391 ; eth_to_sdram_bridge:u_bridge|state.S_HDR_CRC_HI ; eth_to_sdram_bridge:u_bridge|state.S_HDR_CRC_HI ; enet_clk_div ; enet_clk_div ; 0.000        ; 0.000      ; 0.657      ;
; 0.391 ; eth_to_sdram_bridge:u_bridge|wb_stb_o           ; eth_to_sdram_bridge:u_bridge|wb_stb_o           ; enet_clk_div ; enet_clk_div ; 0.000        ; 0.000      ; 0.657      ;
; 0.391 ; dm9000_core:u_core|bus_req_cmd[1]               ; dm9000_core:u_core|bus_req_cmd[1]               ; enet_clk_div ; enet_clk_div ; 0.000        ; 0.000      ; 0.657      ;
; 0.391 ; dm9000_core:u_core|bus_req_wdata[0]             ; dm9000_core:u_core|bus_req_wdata[0]             ; enet_clk_div ; enet_clk_div ; 0.000        ; 0.000      ; 0.657      ;
; 0.391 ; dm9000_core:u_core|bus_req_reg_addr[0]          ; dm9000_core:u_core|bus_req_reg_addr[0]          ; enet_clk_div ; enet_clk_div ; 0.000        ; 0.000      ; 0.657      ;
; 0.391 ; dm9000_bus_if:u_bus|data_out[0]                 ; dm9000_bus_if:u_bus|data_out[0]                 ; enet_clk_div ; enet_clk_div ; 0.000        ; 0.000      ; 0.657      ;
; 0.391 ; dm9000_core:u_core|state.S_CLR_ISR              ; dm9000_core:u_core|state.S_CLR_ISR              ; enet_clk_div ; enet_clk_div ; 0.000        ; 0.000      ; 0.657      ;
; 0.391 ; dm9000_core:u_core|state.S_IDLE                 ; dm9000_core:u_core|state.S_IDLE                 ; enet_clk_div ; enet_clk_div ; 0.000        ; 0.000      ; 0.657      ;
; 0.391 ; dm9000_core:u_core|state.S_RX_STATUS            ; dm9000_core:u_core|state.S_RX_STATUS            ; enet_clk_div ; enet_clk_div ; 0.000        ; 0.000      ; 0.657      ;
; 0.391 ; dm9000_bus_if:u_bus|req_ready                   ; dm9000_bus_if:u_bus|req_ready                   ; enet_clk_div ; enet_clk_div ; 0.000        ; 0.000      ; 0.657      ;
; 0.391 ; dm9000_core:u_core|bus_req_valid                ; dm9000_core:u_core|bus_req_valid                ; enet_clk_div ; enet_clk_div ; 0.000        ; 0.000      ; 0.657      ;
; 0.391 ; dm9000_bus_if:u_bus|state.S_IDLE                ; dm9000_bus_if:u_bus|state.S_IDLE                ; enet_clk_div ; enet_clk_div ; 0.000        ; 0.000      ; 0.657      ;
; 0.391 ; dm9000_core:u_core|bus_req_cmd[0]               ; dm9000_core:u_core|bus_req_cmd[0]               ; enet_clk_div ; enet_clk_div ; 0.000        ; 0.000      ; 0.657      ;
; 0.391 ; sdram:u_sdram|data_rd_en_q                      ; sdram:u_sdram|data_rd_en_q                      ; enet_clk_div ; enet_clk_div ; 0.000        ; 0.000      ; 0.657      ;
; 0.391 ; sdram:u_sdram|data_q[0]                         ; sdram:u_sdram|data_q[0]                         ; enet_clk_div ; enet_clk_div ; 0.000        ; 0.000      ; 0.657      ;
; 0.391 ; sdram:u_sdram|data_q[1]                         ; sdram:u_sdram|data_q[1]                         ; enet_clk_div ; enet_clk_div ; 0.000        ; 0.000      ; 0.657      ;
; 0.391 ; sdram:u_sdram|data_q[2]                         ; sdram:u_sdram|data_q[2]                         ; enet_clk_div ; enet_clk_div ; 0.000        ; 0.000      ; 0.657      ;
; 0.391 ; sdram:u_sdram|data_q[3]                         ; sdram:u_sdram|data_q[3]                         ; enet_clk_div ; enet_clk_div ; 0.000        ; 0.000      ; 0.657      ;
; 0.391 ; sdram:u_sdram|data_q[4]                         ; sdram:u_sdram|data_q[4]                         ; enet_clk_div ; enet_clk_div ; 0.000        ; 0.000      ; 0.657      ;
; 0.391 ; sdram:u_sdram|data_q[5]                         ; sdram:u_sdram|data_q[5]                         ; enet_clk_div ; enet_clk_div ; 0.000        ; 0.000      ; 0.657      ;
; 0.391 ; sdram:u_sdram|data_q[6]                         ; sdram:u_sdram|data_q[6]                         ; enet_clk_div ; enet_clk_div ; 0.000        ; 0.000      ; 0.657      ;
; 0.391 ; sdram:u_sdram|data_q[7]                         ; sdram:u_sdram|data_q[7]                         ; enet_clk_div ; enet_clk_div ; 0.000        ; 0.000      ; 0.657      ;
; 0.391 ; sdram:u_sdram|data_q[8]                         ; sdram:u_sdram|data_q[8]                         ; enet_clk_div ; enet_clk_div ; 0.000        ; 0.000      ; 0.657      ;
; 0.391 ; sdram:u_sdram|data_q[9]                         ; sdram:u_sdram|data_q[9]                         ; enet_clk_div ; enet_clk_div ; 0.000        ; 0.000      ; 0.657      ;
; 0.391 ; sdram:u_sdram|data_q[10]                        ; sdram:u_sdram|data_q[10]                        ; enet_clk_div ; enet_clk_div ; 0.000        ; 0.000      ; 0.657      ;
; 0.391 ; sdram:u_sdram|data_q[11]                        ; sdram:u_sdram|data_q[11]                        ; enet_clk_div ; enet_clk_div ; 0.000        ; 0.000      ; 0.657      ;
; 0.391 ; sdram:u_sdram|data_q[12]                        ; sdram:u_sdram|data_q[12]                        ; enet_clk_div ; enet_clk_div ; 0.000        ; 0.000      ; 0.657      ;
; 0.391 ; sdram:u_sdram|data_q[13]                        ; sdram:u_sdram|data_q[13]                        ; enet_clk_div ; enet_clk_div ; 0.000        ; 0.000      ; 0.657      ;
; 0.391 ; sdram:u_sdram|data_q[14]                        ; sdram:u_sdram|data_q[14]                        ; enet_clk_div ; enet_clk_div ; 0.000        ; 0.000      ; 0.657      ;
; 0.391 ; sdram:u_sdram|data_q[15]                        ; sdram:u_sdram|data_q[15]                        ; enet_clk_div ; enet_clk_div ; 0.000        ; 0.000      ; 0.657      ;
; 0.391 ; dm9000_core:u_core|init_done                    ; dm9000_core:u_core|init_done                    ; enet_clk_div ; enet_clk_div ; 0.000        ; 0.000      ; 0.657      ;
; 0.391 ; dm9000_core:u_core|link_ok                      ; dm9000_core:u_core|link_ok                      ; enet_clk_div ; enet_clk_div ; 0.000        ; 0.000      ; 0.657      ;
; 0.391 ; dm9000_core:u_core|chip_vid[15]                 ; dm9000_core:u_core|chip_vid[15]                 ; enet_clk_div ; enet_clk_div ; 0.000        ; 0.000      ; 0.657      ;
; 0.391 ; dm9000_bus_if:u_bus|ENET_CMD                    ; dm9000_bus_if:u_bus|ENET_CMD                    ; enet_clk_div ; enet_clk_div ; 0.000        ; 0.000      ; 0.657      ;
; 0.391 ; dm9000_bus_if:u_bus|ENET_CS_N                   ; dm9000_bus_if:u_bus|ENET_CS_N                   ; enet_clk_div ; enet_clk_div ; 0.000        ; 0.000      ; 0.657      ;
; 0.391 ; dm9000_bus_if:u_bus|ENET_RD_N                   ; dm9000_bus_if:u_bus|ENET_RD_N                   ; enet_clk_div ; enet_clk_div ; 0.000        ; 0.000      ; 0.657      ;
; 0.391 ; dm9000_bus_if:u_bus|ENET_RST_N                  ; dm9000_bus_if:u_bus|ENET_RST_N                  ; enet_clk_div ; enet_clk_div ; 0.000        ; 0.000      ; 0.657      ;
; 0.391 ; dm9000_bus_if:u_bus|ENET_WR_N                   ; dm9000_bus_if:u_bus|ENET_WR_N                   ; enet_clk_div ; enet_clk_div ; 0.000        ; 0.000      ; 0.657      ;
; 0.391 ; sdram:u_sdram|addr_q[0]                         ; sdram:u_sdram|addr_q[0]                         ; enet_clk_div ; enet_clk_div ; 0.000        ; 0.000      ; 0.657      ;
; 0.391 ; sdram:u_sdram|addr_q[5]                         ; sdram:u_sdram|addr_q[5]                         ; enet_clk_div ; enet_clk_div ; 0.000        ; 0.000      ; 0.657      ;
; 0.391 ; sdram:u_sdram|cke_q                             ; sdram:u_sdram|cke_q                             ; enet_clk_div ; enet_clk_div ; 0.000        ; 0.000      ; 0.657      ;
; 0.391 ; sdram:u_sdram|dqm_q[0]                          ; sdram:u_sdram|dqm_q[0]                          ; enet_clk_div ; enet_clk_div ; 0.000        ; 0.000      ; 0.657      ;
; 0.512 ; dm9000_bus_if:u_bus|rsp_rdata[14]               ; dm9000_core:u_core|rx_data[14]                  ; enet_clk_div ; enet_clk_div ; 0.000        ; 0.000      ; 0.778      ;
; 0.512 ; sdram:u_sdram|rd_q[1]                           ; sdram:u_sdram|rd_q[2]                           ; enet_clk_div ; enet_clk_div ; 0.000        ; 0.000      ; 0.778      ;
; 0.513 ; sdram:u_sdram|sample_data0_q[0]                 ; sdram:u_sdram|sample_data_q[0]                  ; enet_clk_div ; enet_clk_div ; 0.000        ; 0.000      ; 0.779      ;
; 0.515 ; dm9000_bus_if:u_bus|rsp_rdata[0]                ; dm9000_core:u_core|rx_data[0]                   ; enet_clk_div ; enet_clk_div ; 0.000        ; 0.000      ; 0.781      ;
; 0.515 ; sdram:u_sdram|sample_data0_q[11]                ; sdram:u_sdram|sample_data_q[11]                 ; enet_clk_div ; enet_clk_div ; 0.000        ; 0.000      ; 0.781      ;
; 0.516 ; dm9000_bus_if:u_bus|rsp_rdata[2]                ; dm9000_core:u_core|rx_data[2]                   ; enet_clk_div ; enet_clk_div ; 0.000        ; 0.000      ; 0.782      ;
; 0.516 ; sdram:u_sdram|sample_data0_q[1]                 ; sdram:u_sdram|sample_data_q[1]                  ; enet_clk_div ; enet_clk_div ; 0.000        ; 0.000      ; 0.782      ;
; 0.516 ; sdram:u_sdram|sample_data0_q[4]                 ; sdram:u_sdram|sample_data_q[4]                  ; enet_clk_div ; enet_clk_div ; 0.000        ; 0.000      ; 0.782      ;
; 0.518 ; dm9000_bus_if:u_bus|rsp_rdata[8]                ; dm9000_core:u_core|rx_data[8]                   ; enet_clk_div ; enet_clk_div ; 0.000        ; 0.000      ; 0.784      ;
; 0.519 ; sdram:u_sdram|rd_q[2]                           ; sdram:u_sdram|rd_q[3]                           ; enet_clk_div ; enet_clk_div ; 0.000        ; 0.000      ; 0.785      ;
; 0.519 ; eth_to_sdram_bridge:u_bridge|pixel0_buf[1]      ; eth_to_sdram_bridge:u_bridge|wb_data_o[1]       ; enet_clk_div ; enet_clk_div ; 0.000        ; 0.000      ; 0.785      ;
; 0.519 ; sdram:u_sdram|sample_data0_q[5]                 ; sdram:u_sdram|sample_data_q[5]                  ; enet_clk_div ; enet_clk_div ; 0.000        ; 0.000      ; 0.785      ;
; 0.519 ; sdram:u_sdram|sample_data0_q[9]                 ; sdram:u_sdram|sample_data_q[9]                  ; enet_clk_div ; enet_clk_div ; 0.000        ; 0.000      ; 0.785      ;
; 0.519 ; sdram:u_sdram|sample_data0_q[10]                ; sdram:u_sdram|sample_data_q[10]                 ; enet_clk_div ; enet_clk_div ; 0.000        ; 0.000      ; 0.785      ;
; 0.519 ; eth_to_sdram_bridge:u_bridge|pixel0_buf[11]     ; eth_to_sdram_bridge:u_bridge|wb_data_o[11]      ; enet_clk_div ; enet_clk_div ; 0.000        ; 0.000      ; 0.785      ;
; 0.519 ; sdram:u_sdram|sample_data0_q[13]                ; sdram:u_sdram|sample_data_q[13]                 ; enet_clk_div ; enet_clk_div ; 0.000        ; 0.000      ; 0.785      ;
; 0.520 ; eth_to_sdram_bridge:u_bridge|pixel1_buf[8]      ; eth_to_sdram_bridge:u_bridge|wb_data_o[24]      ; enet_clk_div ; enet_clk_div ; 0.000        ; 0.000      ; 0.786      ;
; 0.520 ; eth_to_sdram_bridge:u_bridge|pixel1_buf[11]     ; eth_to_sdram_bridge:u_bridge|wb_data_o[27]      ; enet_clk_div ; enet_clk_div ; 0.000        ; 0.000      ; 0.786      ;
; 0.522 ; dm9000_bus_if:u_bus|rsp_rdata[5]                ; dm9000_core:u_core|rx_data[5]                   ; enet_clk_div ; enet_clk_div ; 0.000        ; 0.000      ; 0.788      ;
; 0.522 ; sdram:u_sdram|sample_data0_q[2]                 ; sdram:u_sdram|sample_data_q[2]                  ; enet_clk_div ; enet_clk_div ; 0.000        ; 0.000      ; 0.788      ;
; 0.522 ; sdram:u_sdram|sample_data0_q[7]                 ; sdram:u_sdram|sample_data_q[7]                  ; enet_clk_div ; enet_clk_div ; 0.000        ; 0.000      ; 0.788      ;
; 0.523 ; dm9000_bus_if:u_bus|rsp_rdata[10]               ; dm9000_core:u_core|rx_data[10]                  ; enet_clk_div ; enet_clk_div ; 0.000        ; 0.000      ; 0.789      ;
; 0.523 ; eth_to_sdram_bridge:u_bridge|pixel1_buf[15]     ; eth_to_sdram_bridge:u_bridge|wb_data_o[31]      ; enet_clk_div ; enet_clk_div ; 0.000        ; 0.000      ; 0.789      ;
; 0.524 ; eth_to_sdram_bridge:u_bridge|pixel1_buf[13]     ; eth_to_sdram_bridge:u_bridge|wb_data_o[29]      ; enet_clk_div ; enet_clk_div ; 0.000        ; 0.000      ; 0.790      ;
; 0.525 ; eth_to_sdram_bridge:u_bridge|state.S_HDR_CRC_HI ; eth_to_sdram_bridge:u_bridge|state.S_HDR_CRC_LO ; enet_clk_div ; enet_clk_div ; 0.000        ; 0.000      ; 0.791      ;
; 0.526 ; dm9000_core:u_core|bus_req_reg_addr[3]          ; dm9000_bus_if:u_bus|reg_latched[3]              ; enet_clk_div ; enet_clk_div ; 0.000        ; 0.000      ; 0.792      ;
; 0.526 ; dm9000_core:u_core|bus_req_reg_addr[0]          ; dm9000_bus_if:u_bus|reg_latched[0]              ; enet_clk_div ; enet_clk_div ; 0.000        ; 0.000      ; 0.792      ;
; 0.530 ; eth_to_sdram_bridge:u_bridge|next_wb_addr[31]   ; eth_to_sdram_bridge:u_bridge|next_wb_addr[31]   ; enet_clk_div ; enet_clk_div ; 0.000        ; 0.000      ; 0.796      ;
; 0.531 ; eth_to_sdram_bridge:u_bridge|wb_addr_o[13]      ; sdram:u_sdram|active_row_q[3][1]                ; enet_clk_div ; enet_clk_div ; 0.000        ; 0.000      ; 0.797      ;
; 0.534 ; eth_to_sdram_bridge:u_bridge|state.S_FETCH_PX0  ; eth_to_sdram_bridge:u_bridge|state.S_FETCH_PX1  ; enet_clk_div ; enet_clk_div ; 0.000        ; 0.000      ; 0.800      ;
+-------+-------------------------------------------------+-------------------------------------------------+--------------+--------------+--------------+------------+------------+


+------------------------------------------------------------------------------------------------------+
; Slow Model Minimum Pulse Width: 'CLOCK_50'                                                           ;
+--------+--------------+----------------+------------------+----------+------------+------------------+
; Slack  ; Actual Width ; Required Width ; Type             ; Clock    ; Clock Edge ; Target           ;
+--------+--------------+----------------+------------------+----------+------------+------------------+
; -1.222 ; 1.000        ; 2.222          ; Port Rate        ; CLOCK_50 ; Rise       ; CLOCK_50         ;
; -0.500 ; 0.500        ; 1.000          ; High Pulse Width ; CLOCK_50 ; Rise       ; enet_clk_div     ;
; -0.500 ; 0.500        ; 1.000          ; Low Pulse Width  ; CLOCK_50 ; Rise       ; enet_clk_div     ;
; 0.500  ; 0.500        ; 0.000          ; High Pulse Width ; CLOCK_50 ; Rise       ; CLOCK_50|combout ;
; 0.500  ; 0.500        ; 0.000          ; Low Pulse Width  ; CLOCK_50 ; Rise       ; CLOCK_50|combout ;
; 0.500  ; 0.500        ; 0.000          ; High Pulse Width ; CLOCK_50 ; Rise       ; enet_clk_div|clk ;
; 0.500  ; 0.500        ; 0.000          ; Low Pulse Width  ; CLOCK_50 ; Rise       ; enet_clk_div|clk ;
+--------+--------------+----------------+------------------+----------+------------+------------------+


+----------------------------------------------------------------------------------------------------------------------------+
; Slow Model Minimum Pulse Width: 'enet_clk_div'                                                                             ;
+--------+--------------+----------------+------------------+--------------+------------+------------------------------------+
; Slack  ; Actual Width ; Required Width ; Type             ; Clock        ; Clock Edge ; Target                             ;
+--------+--------------+----------------+------------------+--------------+------------+------------------------------------+
; -0.500 ; 0.500        ; 1.000          ; High Pulse Width ; enet_clk_div ; Rise       ; dm9000_bus_if:u_bus|ENET_CMD       ;
; -0.500 ; 0.500        ; 1.000          ; Low Pulse Width  ; enet_clk_div ; Rise       ; dm9000_bus_if:u_bus|ENET_CMD       ;
; -0.500 ; 0.500        ; 1.000          ; High Pulse Width ; enet_clk_div ; Rise       ; dm9000_bus_if:u_bus|ENET_CS_N      ;
; -0.500 ; 0.500        ; 1.000          ; Low Pulse Width  ; enet_clk_div ; Rise       ; dm9000_bus_if:u_bus|ENET_CS_N      ;
; -0.500 ; 0.500        ; 1.000          ; High Pulse Width ; enet_clk_div ; Rise       ; dm9000_bus_if:u_bus|ENET_RD_N      ;
; -0.500 ; 0.500        ; 1.000          ; Low Pulse Width  ; enet_clk_div ; Rise       ; dm9000_bus_if:u_bus|ENET_RD_N      ;
; -0.500 ; 0.500        ; 1.000          ; High Pulse Width ; enet_clk_div ; Rise       ; dm9000_bus_if:u_bus|ENET_RST_N     ;
; -0.500 ; 0.500        ; 1.000          ; Low Pulse Width  ; enet_clk_div ; Rise       ; dm9000_bus_if:u_bus|ENET_RST_N     ;
; -0.500 ; 0.500        ; 1.000          ; High Pulse Width ; enet_clk_div ; Rise       ; dm9000_bus_if:u_bus|ENET_WR_N      ;
; -0.500 ; 0.500        ; 1.000          ; Low Pulse Width  ; enet_clk_div ; Rise       ; dm9000_bus_if:u_bus|ENET_WR_N      ;
; -0.500 ; 0.500        ; 1.000          ; High Pulse Width ; enet_clk_div ; Rise       ; dm9000_bus_if:u_bus|cmd_latched[0] ;
; -0.500 ; 0.500        ; 1.000          ; Low Pulse Width  ; enet_clk_div ; Rise       ; dm9000_bus_if:u_bus|cmd_latched[0] ;
; -0.500 ; 0.500        ; 1.000          ; High Pulse Width ; enet_clk_div ; Rise       ; dm9000_bus_if:u_bus|data_oe        ;
; -0.500 ; 0.500        ; 1.000          ; Low Pulse Width  ; enet_clk_div ; Rise       ; dm9000_bus_if:u_bus|data_oe        ;
; -0.500 ; 0.500        ; 1.000          ; High Pulse Width ; enet_clk_div ; Rise       ; dm9000_bus_if:u_bus|data_out[0]    ;
; -0.500 ; 0.500        ; 1.000          ; Low Pulse Width  ; enet_clk_div ; Rise       ; dm9000_bus_if:u_bus|data_out[0]    ;
; -0.500 ; 0.500        ; 1.000          ; High Pulse Width ; enet_clk_div ; Rise       ; dm9000_bus_if:u_bus|data_out[1]    ;
; -0.500 ; 0.500        ; 1.000          ; Low Pulse Width  ; enet_clk_div ; Rise       ; dm9000_bus_if:u_bus|data_out[1]    ;
; -0.500 ; 0.500        ; 1.000          ; High Pulse Width ; enet_clk_div ; Rise       ; dm9000_bus_if:u_bus|data_out[2]    ;
; -0.500 ; 0.500        ; 1.000          ; Low Pulse Width  ; enet_clk_div ; Rise       ; dm9000_bus_if:u_bus|data_out[2]    ;
; -0.500 ; 0.500        ; 1.000          ; High Pulse Width ; enet_clk_div ; Rise       ; dm9000_bus_if:u_bus|data_out[3]    ;
; -0.500 ; 0.500        ; 1.000          ; Low Pulse Width  ; enet_clk_div ; Rise       ; dm9000_bus_if:u_bus|data_out[3]    ;
; -0.500 ; 0.500        ; 1.000          ; High Pulse Width ; enet_clk_div ; Rise       ; dm9000_bus_if:u_bus|data_out[4]    ;
; -0.500 ; 0.500        ; 1.000          ; Low Pulse Width  ; enet_clk_div ; Rise       ; dm9000_bus_if:u_bus|data_out[4]    ;
; -0.500 ; 0.500        ; 1.000          ; High Pulse Width ; enet_clk_div ; Rise       ; dm9000_bus_if:u_bus|data_out[5]    ;
; -0.500 ; 0.500        ; 1.000          ; Low Pulse Width  ; enet_clk_div ; Rise       ; dm9000_bus_if:u_bus|data_out[5]    ;
; -0.500 ; 0.500        ; 1.000          ; High Pulse Width ; enet_clk_div ; Rise       ; dm9000_bus_if:u_bus|data_out[6]    ;
; -0.500 ; 0.500        ; 1.000          ; Low Pulse Width  ; enet_clk_div ; Rise       ; dm9000_bus_if:u_bus|data_out[6]    ;
; -0.500 ; 0.500        ; 1.000          ; High Pulse Width ; enet_clk_div ; Rise       ; dm9000_bus_if:u_bus|data_out[7]    ;
; -0.500 ; 0.500        ; 1.000          ; Low Pulse Width  ; enet_clk_div ; Rise       ; dm9000_bus_if:u_bus|data_out[7]    ;
; -0.500 ; 0.500        ; 1.000          ; High Pulse Width ; enet_clk_div ; Rise       ; dm9000_bus_if:u_bus|reg_latched[0] ;
; -0.500 ; 0.500        ; 1.000          ; Low Pulse Width  ; enet_clk_div ; Rise       ; dm9000_bus_if:u_bus|reg_latched[0] ;
; -0.500 ; 0.500        ; 1.000          ; High Pulse Width ; enet_clk_div ; Rise       ; dm9000_bus_if:u_bus|reg_latched[1] ;
; -0.500 ; 0.500        ; 1.000          ; Low Pulse Width  ; enet_clk_div ; Rise       ; dm9000_bus_if:u_bus|reg_latched[1] ;
; -0.500 ; 0.500        ; 1.000          ; High Pulse Width ; enet_clk_div ; Rise       ; dm9000_bus_if:u_bus|reg_latched[2] ;
; -0.500 ; 0.500        ; 1.000          ; Low Pulse Width  ; enet_clk_div ; Rise       ; dm9000_bus_if:u_bus|reg_latched[2] ;
; -0.500 ; 0.500        ; 1.000          ; High Pulse Width ; enet_clk_div ; Rise       ; dm9000_bus_if:u_bus|reg_latched[3] ;
; -0.500 ; 0.500        ; 1.000          ; Low Pulse Width  ; enet_clk_div ; Rise       ; dm9000_bus_if:u_bus|reg_latched[3] ;
; -0.500 ; 0.500        ; 1.000          ; High Pulse Width ; enet_clk_div ; Rise       ; dm9000_bus_if:u_bus|reg_latched[4] ;
; -0.500 ; 0.500        ; 1.000          ; Low Pulse Width  ; enet_clk_div ; Rise       ; dm9000_bus_if:u_bus|reg_latched[4] ;
; -0.500 ; 0.500        ; 1.000          ; High Pulse Width ; enet_clk_div ; Rise       ; dm9000_bus_if:u_bus|reg_latched[5] ;
; -0.500 ; 0.500        ; 1.000          ; Low Pulse Width  ; enet_clk_div ; Rise       ; dm9000_bus_if:u_bus|reg_latched[5] ;
; -0.500 ; 0.500        ; 1.000          ; High Pulse Width ; enet_clk_div ; Rise       ; dm9000_bus_if:u_bus|reg_latched[6] ;
; -0.500 ; 0.500        ; 1.000          ; Low Pulse Width  ; enet_clk_div ; Rise       ; dm9000_bus_if:u_bus|reg_latched[6] ;
; -0.500 ; 0.500        ; 1.000          ; High Pulse Width ; enet_clk_div ; Rise       ; dm9000_bus_if:u_bus|req_ready      ;
; -0.500 ; 0.500        ; 1.000          ; Low Pulse Width  ; enet_clk_div ; Rise       ; dm9000_bus_if:u_bus|req_ready      ;
; -0.500 ; 0.500        ; 1.000          ; High Pulse Width ; enet_clk_div ; Rise       ; dm9000_bus_if:u_bus|reset_cnt[0]   ;
; -0.500 ; 0.500        ; 1.000          ; Low Pulse Width  ; enet_clk_div ; Rise       ; dm9000_bus_if:u_bus|reset_cnt[0]   ;
; -0.500 ; 0.500        ; 1.000          ; High Pulse Width ; enet_clk_div ; Rise       ; dm9000_bus_if:u_bus|reset_cnt[10]  ;
; -0.500 ; 0.500        ; 1.000          ; Low Pulse Width  ; enet_clk_div ; Rise       ; dm9000_bus_if:u_bus|reset_cnt[10]  ;
; -0.500 ; 0.500        ; 1.000          ; High Pulse Width ; enet_clk_div ; Rise       ; dm9000_bus_if:u_bus|reset_cnt[11]  ;
; -0.500 ; 0.500        ; 1.000          ; Low Pulse Width  ; enet_clk_div ; Rise       ; dm9000_bus_if:u_bus|reset_cnt[11]  ;
; -0.500 ; 0.500        ; 1.000          ; High Pulse Width ; enet_clk_div ; Rise       ; dm9000_bus_if:u_bus|reset_cnt[12]  ;
; -0.500 ; 0.500        ; 1.000          ; Low Pulse Width  ; enet_clk_div ; Rise       ; dm9000_bus_if:u_bus|reset_cnt[12]  ;
; -0.500 ; 0.500        ; 1.000          ; High Pulse Width ; enet_clk_div ; Rise       ; dm9000_bus_if:u_bus|reset_cnt[13]  ;
; -0.500 ; 0.500        ; 1.000          ; Low Pulse Width  ; enet_clk_div ; Rise       ; dm9000_bus_if:u_bus|reset_cnt[13]  ;
; -0.500 ; 0.500        ; 1.000          ; High Pulse Width ; enet_clk_div ; Rise       ; dm9000_bus_if:u_bus|reset_cnt[14]  ;
; -0.500 ; 0.500        ; 1.000          ; Low Pulse Width  ; enet_clk_div ; Rise       ; dm9000_bus_if:u_bus|reset_cnt[14]  ;
; -0.500 ; 0.500        ; 1.000          ; High Pulse Width ; enet_clk_div ; Rise       ; dm9000_bus_if:u_bus|reset_cnt[15]  ;
; -0.500 ; 0.500        ; 1.000          ; Low Pulse Width  ; enet_clk_div ; Rise       ; dm9000_bus_if:u_bus|reset_cnt[15]  ;
; -0.500 ; 0.500        ; 1.000          ; High Pulse Width ; enet_clk_div ; Rise       ; dm9000_bus_if:u_bus|reset_cnt[1]   ;
; -0.500 ; 0.500        ; 1.000          ; Low Pulse Width  ; enet_clk_div ; Rise       ; dm9000_bus_if:u_bus|reset_cnt[1]   ;
; -0.500 ; 0.500        ; 1.000          ; High Pulse Width ; enet_clk_div ; Rise       ; dm9000_bus_if:u_bus|reset_cnt[2]   ;
; -0.500 ; 0.500        ; 1.000          ; Low Pulse Width  ; enet_clk_div ; Rise       ; dm9000_bus_if:u_bus|reset_cnt[2]   ;
; -0.500 ; 0.500        ; 1.000          ; High Pulse Width ; enet_clk_div ; Rise       ; dm9000_bus_if:u_bus|reset_cnt[3]   ;
; -0.500 ; 0.500        ; 1.000          ; Low Pulse Width  ; enet_clk_div ; Rise       ; dm9000_bus_if:u_bus|reset_cnt[3]   ;
; -0.500 ; 0.500        ; 1.000          ; High Pulse Width ; enet_clk_div ; Rise       ; dm9000_bus_if:u_bus|reset_cnt[4]   ;
; -0.500 ; 0.500        ; 1.000          ; Low Pulse Width  ; enet_clk_div ; Rise       ; dm9000_bus_if:u_bus|reset_cnt[4]   ;
; -0.500 ; 0.500        ; 1.000          ; High Pulse Width ; enet_clk_div ; Rise       ; dm9000_bus_if:u_bus|reset_cnt[5]   ;
; -0.500 ; 0.500        ; 1.000          ; Low Pulse Width  ; enet_clk_div ; Rise       ; dm9000_bus_if:u_bus|reset_cnt[5]   ;
; -0.500 ; 0.500        ; 1.000          ; High Pulse Width ; enet_clk_div ; Rise       ; dm9000_bus_if:u_bus|reset_cnt[6]   ;
; -0.500 ; 0.500        ; 1.000          ; Low Pulse Width  ; enet_clk_div ; Rise       ; dm9000_bus_if:u_bus|reset_cnt[6]   ;
; -0.500 ; 0.500        ; 1.000          ; High Pulse Width ; enet_clk_div ; Rise       ; dm9000_bus_if:u_bus|reset_cnt[7]   ;
; -0.500 ; 0.500        ; 1.000          ; Low Pulse Width  ; enet_clk_div ; Rise       ; dm9000_bus_if:u_bus|reset_cnt[7]   ;
; -0.500 ; 0.500        ; 1.000          ; High Pulse Width ; enet_clk_div ; Rise       ; dm9000_bus_if:u_bus|reset_cnt[8]   ;
; -0.500 ; 0.500        ; 1.000          ; Low Pulse Width  ; enet_clk_div ; Rise       ; dm9000_bus_if:u_bus|reset_cnt[8]   ;
; -0.500 ; 0.500        ; 1.000          ; High Pulse Width ; enet_clk_div ; Rise       ; dm9000_bus_if:u_bus|reset_cnt[9]   ;
; -0.500 ; 0.500        ; 1.000          ; Low Pulse Width  ; enet_clk_div ; Rise       ; dm9000_bus_if:u_bus|reset_cnt[9]   ;
; -0.500 ; 0.500        ; 1.000          ; High Pulse Width ; enet_clk_div ; Rise       ; dm9000_bus_if:u_bus|rsp_rdata[0]   ;
; -0.500 ; 0.500        ; 1.000          ; Low Pulse Width  ; enet_clk_div ; Rise       ; dm9000_bus_if:u_bus|rsp_rdata[0]   ;
; -0.500 ; 0.500        ; 1.000          ; High Pulse Width ; enet_clk_div ; Rise       ; dm9000_bus_if:u_bus|rsp_rdata[10]  ;
; -0.500 ; 0.500        ; 1.000          ; Low Pulse Width  ; enet_clk_div ; Rise       ; dm9000_bus_if:u_bus|rsp_rdata[10]  ;
; -0.500 ; 0.500        ; 1.000          ; High Pulse Width ; enet_clk_div ; Rise       ; dm9000_bus_if:u_bus|rsp_rdata[11]  ;
; -0.500 ; 0.500        ; 1.000          ; Low Pulse Width  ; enet_clk_div ; Rise       ; dm9000_bus_if:u_bus|rsp_rdata[11]  ;
; -0.500 ; 0.500        ; 1.000          ; High Pulse Width ; enet_clk_div ; Rise       ; dm9000_bus_if:u_bus|rsp_rdata[12]  ;
; -0.500 ; 0.500        ; 1.000          ; Low Pulse Width  ; enet_clk_div ; Rise       ; dm9000_bus_if:u_bus|rsp_rdata[12]  ;
; -0.500 ; 0.500        ; 1.000          ; High Pulse Width ; enet_clk_div ; Rise       ; dm9000_bus_if:u_bus|rsp_rdata[13]  ;
; -0.500 ; 0.500        ; 1.000          ; Low Pulse Width  ; enet_clk_div ; Rise       ; dm9000_bus_if:u_bus|rsp_rdata[13]  ;
; -0.500 ; 0.500        ; 1.000          ; High Pulse Width ; enet_clk_div ; Rise       ; dm9000_bus_if:u_bus|rsp_rdata[14]  ;
; -0.500 ; 0.500        ; 1.000          ; Low Pulse Width  ; enet_clk_div ; Rise       ; dm9000_bus_if:u_bus|rsp_rdata[14]  ;
; -0.500 ; 0.500        ; 1.000          ; High Pulse Width ; enet_clk_div ; Rise       ; dm9000_bus_if:u_bus|rsp_rdata[15]  ;
; -0.500 ; 0.500        ; 1.000          ; Low Pulse Width  ; enet_clk_div ; Rise       ; dm9000_bus_if:u_bus|rsp_rdata[15]  ;
; -0.500 ; 0.500        ; 1.000          ; High Pulse Width ; enet_clk_div ; Rise       ; dm9000_bus_if:u_bus|rsp_rdata[1]   ;
; -0.500 ; 0.500        ; 1.000          ; Low Pulse Width  ; enet_clk_div ; Rise       ; dm9000_bus_if:u_bus|rsp_rdata[1]   ;
; -0.500 ; 0.500        ; 1.000          ; High Pulse Width ; enet_clk_div ; Rise       ; dm9000_bus_if:u_bus|rsp_rdata[2]   ;
; -0.500 ; 0.500        ; 1.000          ; Low Pulse Width  ; enet_clk_div ; Rise       ; dm9000_bus_if:u_bus|rsp_rdata[2]   ;
; -0.500 ; 0.500        ; 1.000          ; High Pulse Width ; enet_clk_div ; Rise       ; dm9000_bus_if:u_bus|rsp_rdata[3]   ;
; -0.500 ; 0.500        ; 1.000          ; Low Pulse Width  ; enet_clk_div ; Rise       ; dm9000_bus_if:u_bus|rsp_rdata[3]   ;
; -0.500 ; 0.500        ; 1.000          ; High Pulse Width ; enet_clk_div ; Rise       ; dm9000_bus_if:u_bus|rsp_rdata[4]   ;
; -0.500 ; 0.500        ; 1.000          ; Low Pulse Width  ; enet_clk_div ; Rise       ; dm9000_bus_if:u_bus|rsp_rdata[4]   ;
+--------+--------------+----------------+------------------+--------------+------------+------------------------------------+


+------------------------------------------------------------------------------+
; Setup Times                                                                  ;
+----------------+--------------+-------+-------+------------+-----------------+
; Data Port      ; Clock Port   ; Rise  ; Fall  ; Clock Edge ; Clock Reference ;
+----------------+--------------+-------+-------+------------+-----------------+
; DRAM_DQ[*]     ; enet_clk_div ; 3.317 ; 3.317 ; Rise       ; enet_clk_div    ;
;  DRAM_DQ[0]    ; enet_clk_div ; 3.092 ; 3.092 ; Rise       ; enet_clk_div    ;
;  DRAM_DQ[1]    ; enet_clk_div ; 3.035 ; 3.035 ; Rise       ; enet_clk_div    ;
;  DRAM_DQ[2]    ; enet_clk_div ; 2.845 ; 2.845 ; Rise       ; enet_clk_div    ;
;  DRAM_DQ[3]    ; enet_clk_div ; 3.089 ; 3.089 ; Rise       ; enet_clk_div    ;
;  DRAM_DQ[4]    ; enet_clk_div ; 2.843 ; 2.843 ; Rise       ; enet_clk_div    ;
;  DRAM_DQ[5]    ; enet_clk_div ; 2.837 ; 2.837 ; Rise       ; enet_clk_div    ;
;  DRAM_DQ[6]    ; enet_clk_div ; 3.317 ; 3.317 ; Rise       ; enet_clk_div    ;
;  DRAM_DQ[7]    ; enet_clk_div ; 3.129 ; 3.129 ; Rise       ; enet_clk_div    ;
;  DRAM_DQ[8]    ; enet_clk_div ; 2.854 ; 2.854 ; Rise       ; enet_clk_div    ;
;  DRAM_DQ[9]    ; enet_clk_div ; 3.179 ; 3.179 ; Rise       ; enet_clk_div    ;
;  DRAM_DQ[10]   ; enet_clk_div ; 2.818 ; 2.818 ; Rise       ; enet_clk_div    ;
;  DRAM_DQ[11]   ; enet_clk_div ; 2.806 ; 2.806 ; Rise       ; enet_clk_div    ;
;  DRAM_DQ[12]   ; enet_clk_div ; 2.888 ; 2.888 ; Rise       ; enet_clk_div    ;
;  DRAM_DQ[13]   ; enet_clk_div ; 3.167 ; 3.167 ; Rise       ; enet_clk_div    ;
;  DRAM_DQ[14]   ; enet_clk_div ; 3.087 ; 3.087 ; Rise       ; enet_clk_div    ;
;  DRAM_DQ[15]   ; enet_clk_div ; 2.871 ; 2.871 ; Rise       ; enet_clk_div    ;
; ENET_DATA[*]   ; enet_clk_div ; 3.722 ; 3.722 ; Rise       ; enet_clk_div    ;
;  ENET_DATA[0]  ; enet_clk_div ; 3.233 ; 3.233 ; Rise       ; enet_clk_div    ;
;  ENET_DATA[1]  ; enet_clk_div ; 3.213 ; 3.213 ; Rise       ; enet_clk_div    ;
;  ENET_DATA[2]  ; enet_clk_div ; 3.722 ; 3.722 ; Rise       ; enet_clk_div    ;
;  ENET_DATA[3]  ; enet_clk_div ; 3.245 ; 3.245 ; Rise       ; enet_clk_div    ;
;  ENET_DATA[4]  ; enet_clk_div ; 3.220 ; 3.220 ; Rise       ; enet_clk_div    ;
;  ENET_DATA[5]  ; enet_clk_div ; 3.470 ; 3.470 ; Rise       ; enet_clk_div    ;
;  ENET_DATA[6]  ; enet_clk_div ; 3.112 ; 3.112 ; Rise       ; enet_clk_div    ;
;  ENET_DATA[7]  ; enet_clk_div ; 3.270 ; 3.270 ; Rise       ; enet_clk_div    ;
;  ENET_DATA[8]  ; enet_clk_div ; 3.474 ; 3.474 ; Rise       ; enet_clk_div    ;
;  ENET_DATA[9]  ; enet_clk_div ; 3.350 ; 3.350 ; Rise       ; enet_clk_div    ;
;  ENET_DATA[10] ; enet_clk_div ; 3.280 ; 3.280 ; Rise       ; enet_clk_div    ;
;  ENET_DATA[11] ; enet_clk_div ; 3.316 ; 3.316 ; Rise       ; enet_clk_div    ;
;  ENET_DATA[12] ; enet_clk_div ; 3.008 ; 3.008 ; Rise       ; enet_clk_div    ;
;  ENET_DATA[13] ; enet_clk_div ; 3.236 ; 3.236 ; Rise       ; enet_clk_div    ;
;  ENET_DATA[14] ; enet_clk_div ; 3.024 ; 3.024 ; Rise       ; enet_clk_div    ;
;  ENET_DATA[15] ; enet_clk_div ; 3.380 ; 3.380 ; Rise       ; enet_clk_div    ;
; ENET_INT       ; enet_clk_div ; 4.493 ; 4.493 ; Rise       ; enet_clk_div    ;
+----------------+--------------+-------+-------+------------+-----------------+


+--------------------------------------------------------------------------------+
; Hold Times                                                                     ;
+----------------+--------------+--------+--------+------------+-----------------+
; Data Port      ; Clock Port   ; Rise   ; Fall   ; Clock Edge ; Clock Reference ;
+----------------+--------------+--------+--------+------------+-----------------+
; DRAM_DQ[*]     ; enet_clk_div ; -2.576 ; -2.576 ; Rise       ; enet_clk_div    ;
;  DRAM_DQ[0]    ; enet_clk_div ; -2.862 ; -2.862 ; Rise       ; enet_clk_div    ;
;  DRAM_DQ[1]    ; enet_clk_div ; -2.805 ; -2.805 ; Rise       ; enet_clk_div    ;
;  DRAM_DQ[2]    ; enet_clk_div ; -2.615 ; -2.615 ; Rise       ; enet_clk_div    ;
;  DRAM_DQ[3]    ; enet_clk_div ; -2.859 ; -2.859 ; Rise       ; enet_clk_div    ;
;  DRAM_DQ[4]    ; enet_clk_div ; -2.613 ; -2.613 ; Rise       ; enet_clk_div    ;
;  DRAM_DQ[5]    ; enet_clk_div ; -2.607 ; -2.607 ; Rise       ; enet_clk_div    ;
;  DRAM_DQ[6]    ; enet_clk_div ; -3.087 ; -3.087 ; Rise       ; enet_clk_div    ;
;  DRAM_DQ[7]    ; enet_clk_div ; -2.899 ; -2.899 ; Rise       ; enet_clk_div    ;
;  DRAM_DQ[8]    ; enet_clk_div ; -2.624 ; -2.624 ; Rise       ; enet_clk_div    ;
;  DRAM_DQ[9]    ; enet_clk_div ; -2.949 ; -2.949 ; Rise       ; enet_clk_div    ;
;  DRAM_DQ[10]   ; enet_clk_div ; -2.588 ; -2.588 ; Rise       ; enet_clk_div    ;
;  DRAM_DQ[11]   ; enet_clk_div ; -2.576 ; -2.576 ; Rise       ; enet_clk_div    ;
;  DRAM_DQ[12]   ; enet_clk_div ; -2.658 ; -2.658 ; Rise       ; enet_clk_div    ;
;  DRAM_DQ[13]   ; enet_clk_div ; -2.937 ; -2.937 ; Rise       ; enet_clk_div    ;
;  DRAM_DQ[14]   ; enet_clk_div ; -2.857 ; -2.857 ; Rise       ; enet_clk_div    ;
;  DRAM_DQ[15]   ; enet_clk_div ; -2.641 ; -2.641 ; Rise       ; enet_clk_div    ;
; ENET_DATA[*]   ; enet_clk_div ; -2.778 ; -2.778 ; Rise       ; enet_clk_div    ;
;  ENET_DATA[0]  ; enet_clk_div ; -3.003 ; -3.003 ; Rise       ; enet_clk_div    ;
;  ENET_DATA[1]  ; enet_clk_div ; -2.983 ; -2.983 ; Rise       ; enet_clk_div    ;
;  ENET_DATA[2]  ; enet_clk_div ; -3.492 ; -3.492 ; Rise       ; enet_clk_div    ;
;  ENET_DATA[3]  ; enet_clk_div ; -3.015 ; -3.015 ; Rise       ; enet_clk_div    ;
;  ENET_DATA[4]  ; enet_clk_div ; -2.990 ; -2.990 ; Rise       ; enet_clk_div    ;
;  ENET_DATA[5]  ; enet_clk_div ; -3.240 ; -3.240 ; Rise       ; enet_clk_div    ;
;  ENET_DATA[6]  ; enet_clk_div ; -2.882 ; -2.882 ; Rise       ; enet_clk_div    ;
;  ENET_DATA[7]  ; enet_clk_div ; -3.040 ; -3.040 ; Rise       ; enet_clk_div    ;
;  ENET_DATA[8]  ; enet_clk_div ; -3.244 ; -3.244 ; Rise       ; enet_clk_div    ;
;  ENET_DATA[9]  ; enet_clk_div ; -3.120 ; -3.120 ; Rise       ; enet_clk_div    ;
;  ENET_DATA[10] ; enet_clk_div ; -3.050 ; -3.050 ; Rise       ; enet_clk_div    ;
;  ENET_DATA[11] ; enet_clk_div ; -3.086 ; -3.086 ; Rise       ; enet_clk_div    ;
;  ENET_DATA[12] ; enet_clk_div ; -2.778 ; -2.778 ; Rise       ; enet_clk_div    ;
;  ENET_DATA[13] ; enet_clk_div ; -3.006 ; -3.006 ; Rise       ; enet_clk_div    ;
;  ENET_DATA[14] ; enet_clk_div ; -2.794 ; -2.794 ; Rise       ; enet_clk_div    ;
;  ENET_DATA[15] ; enet_clk_div ; -3.150 ; -3.150 ; Rise       ; enet_clk_div    ;
; ENET_INT       ; enet_clk_div ; -3.404 ; -3.404 ; Rise       ; enet_clk_div    ;
+----------------+--------------+--------+--------+------------+-----------------+


+------------------------------------------------------------------------------+
; Clock to Output Times                                                        ;
+----------------+--------------+-------+-------+------------+-----------------+
; Data Port      ; Clock Port   ; Rise  ; Fall  ; Clock Edge ; Clock Reference ;
+----------------+--------------+-------+-------+------------+-----------------+
; DRAM_ADDR[*]   ; enet_clk_div ; 8.486 ; 8.486 ; Rise       ; enet_clk_div    ;
;  DRAM_ADDR[0]  ; enet_clk_div ; 7.787 ; 7.787 ; Rise       ; enet_clk_div    ;
;  DRAM_ADDR[1]  ; enet_clk_div ; 7.758 ; 7.758 ; Rise       ; enet_clk_div    ;
;  DRAM_ADDR[2]  ; enet_clk_div ; 7.562 ; 7.562 ; Rise       ; enet_clk_div    ;
;  DRAM_ADDR[3]  ; enet_clk_div ; 7.719 ; 7.719 ; Rise       ; enet_clk_div    ;
;  DRAM_ADDR[4]  ; enet_clk_div ; 8.486 ; 8.486 ; Rise       ; enet_clk_div    ;
;  DRAM_ADDR[5]  ; enet_clk_div ; 7.847 ; 7.847 ; Rise       ; enet_clk_div    ;
;  DRAM_ADDR[6]  ; enet_clk_div ; 7.200 ; 7.200 ; Rise       ; enet_clk_div    ;
;  DRAM_ADDR[7]  ; enet_clk_div ; 7.965 ; 7.965 ; Rise       ; enet_clk_div    ;
;  DRAM_ADDR[8]  ; enet_clk_div ; 6.989 ; 6.989 ; Rise       ; enet_clk_div    ;
;  DRAM_ADDR[9]  ; enet_clk_div ; 8.259 ; 8.259 ; Rise       ; enet_clk_div    ;
;  DRAM_ADDR[10] ; enet_clk_div ; 7.013 ; 7.013 ; Rise       ; enet_clk_div    ;
;  DRAM_ADDR[11] ; enet_clk_div ; 7.212 ; 7.212 ; Rise       ; enet_clk_div    ;
; DRAM_BA_0      ; enet_clk_div ; 7.059 ; 7.059 ; Rise       ; enet_clk_div    ;
; DRAM_BA_1      ; enet_clk_div ; 7.027 ; 7.027 ; Rise       ; enet_clk_div    ;
; DRAM_CAS_N     ; enet_clk_div ; 7.738 ; 7.738 ; Rise       ; enet_clk_div    ;
; DRAM_CKE       ; enet_clk_div ; 7.029 ; 7.029 ; Rise       ; enet_clk_div    ;
; DRAM_CLK       ; enet_clk_div ;       ; 3.428 ; Rise       ; enet_clk_div    ;
; DRAM_DQ[*]     ; enet_clk_div ; 7.258 ; 7.258 ; Rise       ; enet_clk_div    ;
;  DRAM_DQ[0]    ; enet_clk_div ; 7.020 ; 7.020 ; Rise       ; enet_clk_div    ;
;  DRAM_DQ[1]    ; enet_clk_div ; 6.961 ; 6.961 ; Rise       ; enet_clk_div    ;
;  DRAM_DQ[2]    ; enet_clk_div ; 6.785 ; 6.785 ; Rise       ; enet_clk_div    ;
;  DRAM_DQ[3]    ; enet_clk_div ; 7.015 ; 7.015 ; Rise       ; enet_clk_div    ;
;  DRAM_DQ[4]    ; enet_clk_div ; 6.781 ; 6.781 ; Rise       ; enet_clk_div    ;
;  DRAM_DQ[5]    ; enet_clk_div ; 6.773 ; 6.773 ; Rise       ; enet_clk_div    ;
;  DRAM_DQ[6]    ; enet_clk_div ; 7.258 ; 7.258 ; Rise       ; enet_clk_div    ;
;  DRAM_DQ[7]    ; enet_clk_div ; 7.029 ; 7.029 ; Rise       ; enet_clk_div    ;
;  DRAM_DQ[8]    ; enet_clk_div ; 6.771 ; 6.771 ; Rise       ; enet_clk_div    ;
;  DRAM_DQ[9]    ; enet_clk_div ; 7.013 ; 7.013 ; Rise       ; enet_clk_div    ;
;  DRAM_DQ[10]   ; enet_clk_div ; 6.748 ; 6.748 ; Rise       ; enet_clk_div    ;
;  DRAM_DQ[11]   ; enet_clk_div ; 6.994 ; 6.994 ; Rise       ; enet_clk_div    ;
;  DRAM_DQ[12]   ; enet_clk_div ; 6.818 ; 6.818 ; Rise       ; enet_clk_div    ;
;  DRAM_DQ[13]   ; enet_clk_div ; 7.022 ; 7.022 ; Rise       ; enet_clk_div    ;
;  DRAM_DQ[14]   ; enet_clk_div ; 7.030 ; 7.030 ; Rise       ; enet_clk_div    ;
;  DRAM_DQ[15]   ; enet_clk_div ; 6.801 ; 6.801 ; Rise       ; enet_clk_div    ;
; DRAM_LDQM      ; enet_clk_div ; 7.699 ; 7.699 ; Rise       ; enet_clk_div    ;
; DRAM_RAS_N     ; enet_clk_div ; 7.723 ; 7.723 ; Rise       ; enet_clk_div    ;
; DRAM_UDQM      ; enet_clk_div ; 7.699 ; 7.699 ; Rise       ; enet_clk_div    ;
; DRAM_WE_N      ; enet_clk_div ; 7.745 ; 7.745 ; Rise       ; enet_clk_div    ;
; ENET_CLK       ; enet_clk_div ; 3.428 ;       ; Rise       ; enet_clk_div    ;
; ENET_CMD       ; enet_clk_div ; 6.968 ; 6.968 ; Rise       ; enet_clk_div    ;
; ENET_CS_N      ; enet_clk_div ; 6.982 ; 6.982 ; Rise       ; enet_clk_div    ;
; ENET_DATA[*]   ; enet_clk_div ; 6.985 ; 6.985 ; Rise       ; enet_clk_div    ;
;  ENET_DATA[0]  ; enet_clk_div ; 6.974 ; 6.974 ; Rise       ; enet_clk_div    ;
;  ENET_DATA[1]  ; enet_clk_div ; 6.737 ; 6.737 ; Rise       ; enet_clk_div    ;
;  ENET_DATA[2]  ; enet_clk_div ; 6.747 ; 6.747 ; Rise       ; enet_clk_div    ;
;  ENET_DATA[3]  ; enet_clk_div ; 6.985 ; 6.985 ; Rise       ; enet_clk_div    ;
;  ENET_DATA[4]  ; enet_clk_div ; 6.983 ; 6.983 ; Rise       ; enet_clk_div    ;
;  ENET_DATA[5]  ; enet_clk_div ; 6.983 ; 6.983 ; Rise       ; enet_clk_div    ;
;  ENET_DATA[6]  ; enet_clk_div ; 6.740 ; 6.740 ; Rise       ; enet_clk_div    ;
;  ENET_DATA[7]  ; enet_clk_div ; 6.725 ; 6.725 ; Rise       ; enet_clk_div    ;
; ENET_RD_N      ; enet_clk_div ; 7.214 ; 7.214 ; Rise       ; enet_clk_div    ;
; ENET_RST_N     ; enet_clk_div ; 7.460 ; 7.460 ; Rise       ; enet_clk_div    ;
; ENET_WR_N      ; enet_clk_div ; 7.215 ; 7.215 ; Rise       ; enet_clk_div    ;
; LEDG[*]        ; enet_clk_div ; 9.012 ; 9.012 ; Rise       ; enet_clk_div    ;
;  LEDG[0]       ; enet_clk_div ; 7.248 ; 7.248 ; Rise       ; enet_clk_div    ;
;  LEDG[1]       ; enet_clk_div ; 7.420 ; 7.420 ; Rise       ; enet_clk_div    ;
;  LEDG[2]       ; enet_clk_div ; 7.428 ; 7.428 ; Rise       ; enet_clk_div    ;
;  LEDG[3]       ; enet_clk_div ; 7.048 ; 7.048 ; Rise       ; enet_clk_div    ;
;  LEDG[4]       ; enet_clk_div ; 7.612 ; 7.612 ; Rise       ; enet_clk_div    ;
;  LEDG[5]       ; enet_clk_div ; 7.029 ; 7.029 ; Rise       ; enet_clk_div    ;
;  LEDG[6]       ; enet_clk_div ; 7.468 ; 7.468 ; Rise       ; enet_clk_div    ;
;  LEDG[7]       ; enet_clk_div ; 9.012 ; 9.012 ; Rise       ; enet_clk_div    ;
;  LEDG[8]       ; enet_clk_div ; 7.247 ; 7.247 ; Rise       ; enet_clk_div    ;
; DRAM_CLK       ; enet_clk_div ; 3.428 ;       ; Fall       ; enet_clk_div    ;
; ENET_CLK       ; enet_clk_div ;       ; 3.428 ; Fall       ; enet_clk_div    ;
+----------------+--------------+-------+-------+------------+-----------------+


+------------------------------------------------------------------------------+
; Minimum Clock to Output Times                                                ;
+----------------+--------------+-------+-------+------------+-----------------+
; Data Port      ; Clock Port   ; Rise  ; Fall  ; Clock Edge ; Clock Reference ;
+----------------+--------------+-------+-------+------------+-----------------+
; DRAM_ADDR[*]   ; enet_clk_div ; 6.989 ; 6.989 ; Rise       ; enet_clk_div    ;
;  DRAM_ADDR[0]  ; enet_clk_div ; 7.787 ; 7.787 ; Rise       ; enet_clk_div    ;
;  DRAM_ADDR[1]  ; enet_clk_div ; 7.758 ; 7.758 ; Rise       ; enet_clk_div    ;
;  DRAM_ADDR[2]  ; enet_clk_div ; 7.562 ; 7.562 ; Rise       ; enet_clk_div    ;
;  DRAM_ADDR[3]  ; enet_clk_div ; 7.719 ; 7.719 ; Rise       ; enet_clk_div    ;
;  DRAM_ADDR[4]  ; enet_clk_div ; 8.486 ; 8.486 ; Rise       ; enet_clk_div    ;
;  DRAM_ADDR[5]  ; enet_clk_div ; 7.847 ; 7.847 ; Rise       ; enet_clk_div    ;
;  DRAM_ADDR[6]  ; enet_clk_div ; 7.200 ; 7.200 ; Rise       ; enet_clk_div    ;
;  DRAM_ADDR[7]  ; enet_clk_div ; 7.965 ; 7.965 ; Rise       ; enet_clk_div    ;
;  DRAM_ADDR[8]  ; enet_clk_div ; 6.989 ; 6.989 ; Rise       ; enet_clk_div    ;
;  DRAM_ADDR[9]  ; enet_clk_div ; 8.259 ; 8.259 ; Rise       ; enet_clk_div    ;
;  DRAM_ADDR[10] ; enet_clk_div ; 7.013 ; 7.013 ; Rise       ; enet_clk_div    ;
;  DRAM_ADDR[11] ; enet_clk_div ; 7.212 ; 7.212 ; Rise       ; enet_clk_div    ;
; DRAM_BA_0      ; enet_clk_div ; 7.059 ; 7.059 ; Rise       ; enet_clk_div    ;
; DRAM_BA_1      ; enet_clk_div ; 7.027 ; 7.027 ; Rise       ; enet_clk_div    ;
; DRAM_CAS_N     ; enet_clk_div ; 7.738 ; 7.738 ; Rise       ; enet_clk_div    ;
; DRAM_CKE       ; enet_clk_div ; 7.029 ; 7.029 ; Rise       ; enet_clk_div    ;
; DRAM_CLK       ; enet_clk_div ;       ; 3.428 ; Rise       ; enet_clk_div    ;
; DRAM_DQ[*]     ; enet_clk_div ; 6.748 ; 6.748 ; Rise       ; enet_clk_div    ;
;  DRAM_DQ[0]    ; enet_clk_div ; 7.020 ; 7.020 ; Rise       ; enet_clk_div    ;
;  DRAM_DQ[1]    ; enet_clk_div ; 6.961 ; 6.961 ; Rise       ; enet_clk_div    ;
;  DRAM_DQ[2]    ; enet_clk_div ; 6.785 ; 6.785 ; Rise       ; enet_clk_div    ;
;  DRAM_DQ[3]    ; enet_clk_div ; 7.015 ; 7.015 ; Rise       ; enet_clk_div    ;
;  DRAM_DQ[4]    ; enet_clk_div ; 6.781 ; 6.781 ; Rise       ; enet_clk_div    ;
;  DRAM_DQ[5]    ; enet_clk_div ; 6.773 ; 6.773 ; Rise       ; enet_clk_div    ;
;  DRAM_DQ[6]    ; enet_clk_div ; 7.258 ; 7.258 ; Rise       ; enet_clk_div    ;
;  DRAM_DQ[7]    ; enet_clk_div ; 7.029 ; 7.029 ; Rise       ; enet_clk_div    ;
;  DRAM_DQ[8]    ; enet_clk_div ; 6.771 ; 6.771 ; Rise       ; enet_clk_div    ;
;  DRAM_DQ[9]    ; enet_clk_div ; 7.013 ; 7.013 ; Rise       ; enet_clk_div    ;
;  DRAM_DQ[10]   ; enet_clk_div ; 6.748 ; 6.748 ; Rise       ; enet_clk_div    ;
;  DRAM_DQ[11]   ; enet_clk_div ; 6.994 ; 6.994 ; Rise       ; enet_clk_div    ;
;  DRAM_DQ[12]   ; enet_clk_div ; 6.818 ; 6.818 ; Rise       ; enet_clk_div    ;
;  DRAM_DQ[13]   ; enet_clk_div ; 7.022 ; 7.022 ; Rise       ; enet_clk_div    ;
;  DRAM_DQ[14]   ; enet_clk_div ; 7.030 ; 7.030 ; Rise       ; enet_clk_div    ;
;  DRAM_DQ[15]   ; enet_clk_div ; 6.801 ; 6.801 ; Rise       ; enet_clk_div    ;
; DRAM_LDQM      ; enet_clk_div ; 7.699 ; 7.699 ; Rise       ; enet_clk_div    ;
; DRAM_RAS_N     ; enet_clk_div ; 7.723 ; 7.723 ; Rise       ; enet_clk_div    ;
; DRAM_UDQM      ; enet_clk_div ; 7.699 ; 7.699 ; Rise       ; enet_clk_div    ;
; DRAM_WE_N      ; enet_clk_div ; 7.745 ; 7.745 ; Rise       ; enet_clk_div    ;
; ENET_CLK       ; enet_clk_div ; 3.428 ;       ; Rise       ; enet_clk_div    ;
; ENET_CMD       ; enet_clk_div ; 6.968 ; 6.968 ; Rise       ; enet_clk_div    ;
; ENET_CS_N      ; enet_clk_div ; 6.982 ; 6.982 ; Rise       ; enet_clk_div    ;
; ENET_DATA[*]   ; enet_clk_div ; 6.725 ; 6.725 ; Rise       ; enet_clk_div    ;
;  ENET_DATA[0]  ; enet_clk_div ; 6.974 ; 6.974 ; Rise       ; enet_clk_div    ;
;  ENET_DATA[1]  ; enet_clk_div ; 6.737 ; 6.737 ; Rise       ; enet_clk_div    ;
;  ENET_DATA[2]  ; enet_clk_div ; 6.747 ; 6.747 ; Rise       ; enet_clk_div    ;
;  ENET_DATA[3]  ; enet_clk_div ; 6.985 ; 6.985 ; Rise       ; enet_clk_div    ;
;  ENET_DATA[4]  ; enet_clk_div ; 6.983 ; 6.983 ; Rise       ; enet_clk_div    ;
;  ENET_DATA[5]  ; enet_clk_div ; 6.983 ; 6.983 ; Rise       ; enet_clk_div    ;
;  ENET_DATA[6]  ; enet_clk_div ; 6.740 ; 6.740 ; Rise       ; enet_clk_div    ;
;  ENET_DATA[7]  ; enet_clk_div ; 6.725 ; 6.725 ; Rise       ; enet_clk_div    ;
; ENET_RD_N      ; enet_clk_div ; 7.214 ; 7.214 ; Rise       ; enet_clk_div    ;
; ENET_RST_N     ; enet_clk_div ; 7.460 ; 7.460 ; Rise       ; enet_clk_div    ;
; ENET_WR_N      ; enet_clk_div ; 7.215 ; 7.215 ; Rise       ; enet_clk_div    ;
; LEDG[*]        ; enet_clk_div ; 7.029 ; 7.029 ; Rise       ; enet_clk_div    ;
;  LEDG[0]       ; enet_clk_div ; 7.248 ; 7.248 ; Rise       ; enet_clk_div    ;
;  LEDG[1]       ; enet_clk_div ; 7.420 ; 7.420 ; Rise       ; enet_clk_div    ;
;  LEDG[2]       ; enet_clk_div ; 7.428 ; 7.428 ; Rise       ; enet_clk_div    ;
;  LEDG[3]       ; enet_clk_div ; 7.048 ; 7.048 ; Rise       ; enet_clk_div    ;
;  LEDG[4]       ; enet_clk_div ; 7.612 ; 7.612 ; Rise       ; enet_clk_div    ;
;  LEDG[5]       ; enet_clk_div ; 7.029 ; 7.029 ; Rise       ; enet_clk_div    ;
;  LEDG[6]       ; enet_clk_div ; 7.468 ; 7.468 ; Rise       ; enet_clk_div    ;
;  LEDG[7]       ; enet_clk_div ; 8.845 ; 8.845 ; Rise       ; enet_clk_div    ;
;  LEDG[8]       ; enet_clk_div ; 7.247 ; 7.247 ; Rise       ; enet_clk_div    ;
; DRAM_CLK       ; enet_clk_div ; 3.428 ;       ; Fall       ; enet_clk_div    ;
; ENET_CLK       ; enet_clk_div ;       ; 3.428 ; Fall       ; enet_clk_div    ;
+----------------+--------------+-------+-------+------------+-----------------+


+-----------------------------------------------------------------------------+
; Output Enable Times                                                         ;
+----------------+--------------+-------+------+------------+-----------------+
; Data Port      ; Clock Port   ; Rise  ; Fall ; Clock Edge ; Clock Reference ;
+----------------+--------------+-------+------+------------+-----------------+
; DRAM_DQ[*]     ; enet_clk_div ; 6.743 ;      ; Rise       ; enet_clk_div    ;
;  DRAM_DQ[0]    ; enet_clk_div ; 7.282 ;      ; Rise       ; enet_clk_div    ;
;  DRAM_DQ[1]    ; enet_clk_div ; 6.963 ;      ; Rise       ; enet_clk_div    ;
;  DRAM_DQ[2]    ; enet_clk_div ; 6.994 ;      ; Rise       ; enet_clk_div    ;
;  DRAM_DQ[3]    ; enet_clk_div ; 7.282 ;      ; Rise       ; enet_clk_div    ;
;  DRAM_DQ[4]    ; enet_clk_div ; 6.994 ;      ; Rise       ; enet_clk_div    ;
;  DRAM_DQ[5]    ; enet_clk_div ; 6.743 ;      ; Rise       ; enet_clk_div    ;
;  DRAM_DQ[6]    ; enet_clk_div ; 7.296 ;      ; Rise       ; enet_clk_div    ;
;  DRAM_DQ[7]    ; enet_clk_div ; 7.296 ;      ; Rise       ; enet_clk_div    ;
;  DRAM_DQ[8]    ; enet_clk_div ; 6.743 ;      ; Rise       ; enet_clk_div    ;
;  DRAM_DQ[9]    ; enet_clk_div ; 7.276 ;      ; Rise       ; enet_clk_div    ;
;  DRAM_DQ[10]   ; enet_clk_div ; 6.973 ;      ; Rise       ; enet_clk_div    ;
;  DRAM_DQ[11]   ; enet_clk_div ; 7.256 ;      ; Rise       ; enet_clk_div    ;
;  DRAM_DQ[12]   ; enet_clk_div ; 7.033 ;      ; Rise       ; enet_clk_div    ;
;  DRAM_DQ[13]   ; enet_clk_div ; 7.292 ;      ; Rise       ; enet_clk_div    ;
;  DRAM_DQ[14]   ; enet_clk_div ; 7.292 ;      ; Rise       ; enet_clk_div    ;
;  DRAM_DQ[15]   ; enet_clk_div ; 7.023 ;      ; Rise       ; enet_clk_div    ;
; ENET_DATA[*]   ; enet_clk_div ; 6.727 ;      ; Rise       ; enet_clk_div    ;
;  ENET_DATA[0]  ; enet_clk_div ; 6.727 ;      ; Rise       ; enet_clk_div    ;
;  ENET_DATA[1]  ; enet_clk_div ; 6.952 ;      ; Rise       ; enet_clk_div    ;
;  ENET_DATA[2]  ; enet_clk_div ; 6.734 ;      ; Rise       ; enet_clk_div    ;
;  ENET_DATA[3]  ; enet_clk_div ; 6.754 ;      ; Rise       ; enet_clk_div    ;
;  ENET_DATA[4]  ; enet_clk_div ; 6.727 ;      ; Rise       ; enet_clk_div    ;
;  ENET_DATA[5]  ; enet_clk_div ; 6.754 ;      ; Rise       ; enet_clk_div    ;
;  ENET_DATA[6]  ; enet_clk_div ; 6.734 ;      ; Rise       ; enet_clk_div    ;
;  ENET_DATA[7]  ; enet_clk_div ; 6.942 ;      ; Rise       ; enet_clk_div    ;
;  ENET_DATA[8]  ; enet_clk_div ; 6.983 ;      ; Rise       ; enet_clk_div    ;
;  ENET_DATA[9]  ; enet_clk_div ; 6.983 ;      ; Rise       ; enet_clk_div    ;
;  ENET_DATA[10] ; enet_clk_div ; 6.990 ;      ; Rise       ; enet_clk_div    ;
;  ENET_DATA[11] ; enet_clk_div ; 7.193 ;      ; Rise       ; enet_clk_div    ;
;  ENET_DATA[12] ; enet_clk_div ; 7.007 ;      ; Rise       ; enet_clk_div    ;
;  ENET_DATA[13] ; enet_clk_div ; 7.000 ;      ; Rise       ; enet_clk_div    ;
;  ENET_DATA[14] ; enet_clk_div ; 7.007 ;      ; Rise       ; enet_clk_div    ;
;  ENET_DATA[15] ; enet_clk_div ; 7.193 ;      ; Rise       ; enet_clk_div    ;
+----------------+--------------+-------+------+------------+-----------------+


+-----------------------------------------------------------------------------+
; Minimum Output Enable Times                                                 ;
+----------------+--------------+-------+------+------------+-----------------+
; Data Port      ; Clock Port   ; Rise  ; Fall ; Clock Edge ; Clock Reference ;
+----------------+--------------+-------+------+------------+-----------------+
; DRAM_DQ[*]     ; enet_clk_div ; 6.743 ;      ; Rise       ; enet_clk_div    ;
;  DRAM_DQ[0]    ; enet_clk_div ; 7.282 ;      ; Rise       ; enet_clk_div    ;
;  DRAM_DQ[1]    ; enet_clk_div ; 6.963 ;      ; Rise       ; enet_clk_div    ;
;  DRAM_DQ[2]    ; enet_clk_div ; 6.994 ;      ; Rise       ; enet_clk_div    ;
;  DRAM_DQ[3]    ; enet_clk_div ; 7.282 ;      ; Rise       ; enet_clk_div    ;
;  DRAM_DQ[4]    ; enet_clk_div ; 6.994 ;      ; Rise       ; enet_clk_div    ;
;  DRAM_DQ[5]    ; enet_clk_div ; 6.743 ;      ; Rise       ; enet_clk_div    ;
;  DRAM_DQ[6]    ; enet_clk_div ; 7.296 ;      ; Rise       ; enet_clk_div    ;
;  DRAM_DQ[7]    ; enet_clk_div ; 7.296 ;      ; Rise       ; enet_clk_div    ;
;  DRAM_DQ[8]    ; enet_clk_div ; 6.743 ;      ; Rise       ; enet_clk_div    ;
;  DRAM_DQ[9]    ; enet_clk_div ; 7.276 ;      ; Rise       ; enet_clk_div    ;
;  DRAM_DQ[10]   ; enet_clk_div ; 6.973 ;      ; Rise       ; enet_clk_div    ;
;  DRAM_DQ[11]   ; enet_clk_div ; 7.256 ;      ; Rise       ; enet_clk_div    ;
;  DRAM_DQ[12]   ; enet_clk_div ; 7.033 ;      ; Rise       ; enet_clk_div    ;
;  DRAM_DQ[13]   ; enet_clk_div ; 7.292 ;      ; Rise       ; enet_clk_div    ;
;  DRAM_DQ[14]   ; enet_clk_div ; 7.292 ;      ; Rise       ; enet_clk_div    ;
;  DRAM_DQ[15]   ; enet_clk_div ; 7.023 ;      ; Rise       ; enet_clk_div    ;
; ENET_DATA[*]   ; enet_clk_div ; 6.727 ;      ; Rise       ; enet_clk_div    ;
;  ENET_DATA[0]  ; enet_clk_div ; 6.727 ;      ; Rise       ; enet_clk_div    ;
;  ENET_DATA[1]  ; enet_clk_div ; 6.952 ;      ; Rise       ; enet_clk_div    ;
;  ENET_DATA[2]  ; enet_clk_div ; 6.734 ;      ; Rise       ; enet_clk_div    ;
;  ENET_DATA[3]  ; enet_clk_div ; 6.754 ;      ; Rise       ; enet_clk_div    ;
;  ENET_DATA[4]  ; enet_clk_div ; 6.727 ;      ; Rise       ; enet_clk_div    ;
;  ENET_DATA[5]  ; enet_clk_div ; 6.754 ;      ; Rise       ; enet_clk_div    ;
;  ENET_DATA[6]  ; enet_clk_div ; 6.734 ;      ; Rise       ; enet_clk_div    ;
;  ENET_DATA[7]  ; enet_clk_div ; 6.942 ;      ; Rise       ; enet_clk_div    ;
;  ENET_DATA[8]  ; enet_clk_div ; 6.983 ;      ; Rise       ; enet_clk_div    ;
;  ENET_DATA[9]  ; enet_clk_div ; 6.983 ;      ; Rise       ; enet_clk_div    ;
;  ENET_DATA[10] ; enet_clk_div ; 6.990 ;      ; Rise       ; enet_clk_div    ;
;  ENET_DATA[11] ; enet_clk_div ; 7.193 ;      ; Rise       ; enet_clk_div    ;
;  ENET_DATA[12] ; enet_clk_div ; 7.007 ;      ; Rise       ; enet_clk_div    ;
;  ENET_DATA[13] ; enet_clk_div ; 7.000 ;      ; Rise       ; enet_clk_div    ;
;  ENET_DATA[14] ; enet_clk_div ; 7.007 ;      ; Rise       ; enet_clk_div    ;
;  ENET_DATA[15] ; enet_clk_div ; 7.193 ;      ; Rise       ; enet_clk_div    ;
+----------------+--------------+-------+------+------------+-----------------+


+--------------------------------------------------------------------------------------+
; Output Disable Times                                                                 ;
+----------------+--------------+-----------+-----------+------------+-----------------+
; Data Port      ; Clock Port   ; 0 to Hi-Z ; 1 to Hi-Z ; Clock Edge ; Clock Reference ;
+----------------+--------------+-----------+-----------+------------+-----------------+
; DRAM_DQ[*]     ; enet_clk_div ; 6.743     ;           ; Rise       ; enet_clk_div    ;
;  DRAM_DQ[0]    ; enet_clk_div ; 7.282     ;           ; Rise       ; enet_clk_div    ;
;  DRAM_DQ[1]    ; enet_clk_div ; 6.963     ;           ; Rise       ; enet_clk_div    ;
;  DRAM_DQ[2]    ; enet_clk_div ; 6.994     ;           ; Rise       ; enet_clk_div    ;
;  DRAM_DQ[3]    ; enet_clk_div ; 7.282     ;           ; Rise       ; enet_clk_div    ;
;  DRAM_DQ[4]    ; enet_clk_div ; 6.994     ;           ; Rise       ; enet_clk_div    ;
;  DRAM_DQ[5]    ; enet_clk_div ; 6.743     ;           ; Rise       ; enet_clk_div    ;
;  DRAM_DQ[6]    ; enet_clk_div ; 7.296     ;           ; Rise       ; enet_clk_div    ;
;  DRAM_DQ[7]    ; enet_clk_div ; 7.296     ;           ; Rise       ; enet_clk_div    ;
;  DRAM_DQ[8]    ; enet_clk_div ; 6.743     ;           ; Rise       ; enet_clk_div    ;
;  DRAM_DQ[9]    ; enet_clk_div ; 7.276     ;           ; Rise       ; enet_clk_div    ;
;  DRAM_DQ[10]   ; enet_clk_div ; 6.973     ;           ; Rise       ; enet_clk_div    ;
;  DRAM_DQ[11]   ; enet_clk_div ; 7.256     ;           ; Rise       ; enet_clk_div    ;
;  DRAM_DQ[12]   ; enet_clk_div ; 7.033     ;           ; Rise       ; enet_clk_div    ;
;  DRAM_DQ[13]   ; enet_clk_div ; 7.292     ;           ; Rise       ; enet_clk_div    ;
;  DRAM_DQ[14]   ; enet_clk_div ; 7.292     ;           ; Rise       ; enet_clk_div    ;
;  DRAM_DQ[15]   ; enet_clk_div ; 7.023     ;           ; Rise       ; enet_clk_div    ;
; ENET_DATA[*]   ; enet_clk_div ; 6.727     ;           ; Rise       ; enet_clk_div    ;
;  ENET_DATA[0]  ; enet_clk_div ; 6.727     ;           ; Rise       ; enet_clk_div    ;
;  ENET_DATA[1]  ; enet_clk_div ; 6.952     ;           ; Rise       ; enet_clk_div    ;
;  ENET_DATA[2]  ; enet_clk_div ; 6.734     ;           ; Rise       ; enet_clk_div    ;
;  ENET_DATA[3]  ; enet_clk_div ; 6.754     ;           ; Rise       ; enet_clk_div    ;
;  ENET_DATA[4]  ; enet_clk_div ; 6.727     ;           ; Rise       ; enet_clk_div    ;
;  ENET_DATA[5]  ; enet_clk_div ; 6.754     ;           ; Rise       ; enet_clk_div    ;
;  ENET_DATA[6]  ; enet_clk_div ; 6.734     ;           ; Rise       ; enet_clk_div    ;
;  ENET_DATA[7]  ; enet_clk_div ; 6.942     ;           ; Rise       ; enet_clk_div    ;
;  ENET_DATA[8]  ; enet_clk_div ; 6.983     ;           ; Rise       ; enet_clk_div    ;
;  ENET_DATA[9]  ; enet_clk_div ; 6.983     ;           ; Rise       ; enet_clk_div    ;
;  ENET_DATA[10] ; enet_clk_div ; 6.990     ;           ; Rise       ; enet_clk_div    ;
;  ENET_DATA[11] ; enet_clk_div ; 7.193     ;           ; Rise       ; enet_clk_div    ;
;  ENET_DATA[12] ; enet_clk_div ; 7.007     ;           ; Rise       ; enet_clk_div    ;
;  ENET_DATA[13] ; enet_clk_div ; 7.000     ;           ; Rise       ; enet_clk_div    ;
;  ENET_DATA[14] ; enet_clk_div ; 7.007     ;           ; Rise       ; enet_clk_div    ;
;  ENET_DATA[15] ; enet_clk_div ; 7.193     ;           ; Rise       ; enet_clk_div    ;
+----------------+--------------+-----------+-----------+------------+-----------------+


+--------------------------------------------------------------------------------------+
; Minimum Output Disable Times                                                         ;
+----------------+--------------+-----------+-----------+------------+-----------------+
; Data Port      ; Clock Port   ; 0 to Hi-Z ; 1 to Hi-Z ; Clock Edge ; Clock Reference ;
+----------------+--------------+-----------+-----------+------------+-----------------+
; DRAM_DQ[*]     ; enet_clk_div ; 6.743     ;           ; Rise       ; enet_clk_div    ;
;  DRAM_DQ[0]    ; enet_clk_div ; 7.282     ;           ; Rise       ; enet_clk_div    ;
;  DRAM_DQ[1]    ; enet_clk_div ; 6.963     ;           ; Rise       ; enet_clk_div    ;
;  DRAM_DQ[2]    ; enet_clk_div ; 6.994     ;           ; Rise       ; enet_clk_div    ;
;  DRAM_DQ[3]    ; enet_clk_div ; 7.282     ;           ; Rise       ; enet_clk_div    ;
;  DRAM_DQ[4]    ; enet_clk_div ; 6.994     ;           ; Rise       ; enet_clk_div    ;
;  DRAM_DQ[5]    ; enet_clk_div ; 6.743     ;           ; Rise       ; enet_clk_div    ;
;  DRAM_DQ[6]    ; enet_clk_div ; 7.296     ;           ; Rise       ; enet_clk_div    ;
;  DRAM_DQ[7]    ; enet_clk_div ; 7.296     ;           ; Rise       ; enet_clk_div    ;
;  DRAM_DQ[8]    ; enet_clk_div ; 6.743     ;           ; Rise       ; enet_clk_div    ;
;  DRAM_DQ[9]    ; enet_clk_div ; 7.276     ;           ; Rise       ; enet_clk_div    ;
;  DRAM_DQ[10]   ; enet_clk_div ; 6.973     ;           ; Rise       ; enet_clk_div    ;
;  DRAM_DQ[11]   ; enet_clk_div ; 7.256     ;           ; Rise       ; enet_clk_div    ;
;  DRAM_DQ[12]   ; enet_clk_div ; 7.033     ;           ; Rise       ; enet_clk_div    ;
;  DRAM_DQ[13]   ; enet_clk_div ; 7.292     ;           ; Rise       ; enet_clk_div    ;
;  DRAM_DQ[14]   ; enet_clk_div ; 7.292     ;           ; Rise       ; enet_clk_div    ;
;  DRAM_DQ[15]   ; enet_clk_div ; 7.023     ;           ; Rise       ; enet_clk_div    ;
; ENET_DATA[*]   ; enet_clk_div ; 6.727     ;           ; Rise       ; enet_clk_div    ;
;  ENET_DATA[0]  ; enet_clk_div ; 6.727     ;           ; Rise       ; enet_clk_div    ;
;  ENET_DATA[1]  ; enet_clk_div ; 6.952     ;           ; Rise       ; enet_clk_div    ;
;  ENET_DATA[2]  ; enet_clk_div ; 6.734     ;           ; Rise       ; enet_clk_div    ;
;  ENET_DATA[3]  ; enet_clk_div ; 6.754     ;           ; Rise       ; enet_clk_div    ;
;  ENET_DATA[4]  ; enet_clk_div ; 6.727     ;           ; Rise       ; enet_clk_div    ;
;  ENET_DATA[5]  ; enet_clk_div ; 6.754     ;           ; Rise       ; enet_clk_div    ;
;  ENET_DATA[6]  ; enet_clk_div ; 6.734     ;           ; Rise       ; enet_clk_div    ;
;  ENET_DATA[7]  ; enet_clk_div ; 6.942     ;           ; Rise       ; enet_clk_div    ;
;  ENET_DATA[8]  ; enet_clk_div ; 6.983     ;           ; Rise       ; enet_clk_div    ;
;  ENET_DATA[9]  ; enet_clk_div ; 6.983     ;           ; Rise       ; enet_clk_div    ;
;  ENET_DATA[10] ; enet_clk_div ; 6.990     ;           ; Rise       ; enet_clk_div    ;
;  ENET_DATA[11] ; enet_clk_div ; 7.193     ;           ; Rise       ; enet_clk_div    ;
;  ENET_DATA[12] ; enet_clk_div ; 7.007     ;           ; Rise       ; enet_clk_div    ;
;  ENET_DATA[13] ; enet_clk_div ; 7.000     ;           ; Rise       ; enet_clk_div    ;
;  ENET_DATA[14] ; enet_clk_div ; 7.007     ;           ; Rise       ; enet_clk_div    ;
;  ENET_DATA[15] ; enet_clk_div ; 7.193     ;           ; Rise       ; enet_clk_div    ;
+----------------+--------------+-----------+-----------+------------+-----------------+


+---------------------------------------+
; Fast Model Setup Summary              ;
+--------------+--------+---------------+
; Clock        ; Slack  ; End Point TNS ;
+--------------+--------+---------------+
; enet_clk_div ; -1.759 ; -203.634      ;
; CLOCK_50     ; 1.560  ; 0.000         ;
+--------------+--------+---------------+


+---------------------------------------+
; Fast Model Hold Summary               ;
+--------------+--------+---------------+
; Clock        ; Slack  ; End Point TNS ;
+--------------+--------+---------------+
; CLOCK_50     ; -1.180 ; -1.180        ;
; enet_clk_div ; 0.215  ; 0.000         ;
+--------------+--------+---------------+


-------------------------------
; Fast Model Recovery Summary ;
-------------------------------
No paths to report.


------------------------------
; Fast Model Removal Summary ;
------------------------------
No paths to report.


+----------------------------------------+
; Fast Model Minimum Pulse Width Summary ;
+--------------+--------+----------------+
; Clock        ; Slack  ; End Point TNS  ;
+--------------+--------+----------------+
; CLOCK_50     ; -1.222 ; -2.222         ;
; enet_clk_div ; -0.500 ; -449.000       ;
+--------------+--------+----------------+


+------------------------------------------------------------------------------------------------------------------------------------------------------------------------+
; Fast Model Setup: 'enet_clk_div'                                                                                                                                       ;
+--------+--------------------------------------------+-------------------------------------------+--------------+--------------+--------------+------------+------------+
; Slack  ; From Node                                  ; To Node                                   ; Launch Clock ; Latch Clock  ; Relationship ; Clock Skew ; Data Delay ;
+--------+--------------------------------------------+-------------------------------------------+--------------+--------------+--------------+------------+------------+
; -1.759 ; eth_to_sdram_bridge:u_bridge|wb_addr_o[10] ; sdram:u_sdram|bank_q[0]                   ; enet_clk_div ; enet_clk_div ; 1.000        ; -0.008     ; 2.783      ;
; -1.759 ; eth_to_sdram_bridge:u_bridge|wb_addr_o[10] ; sdram:u_sdram|bank_q[1]                   ; enet_clk_div ; enet_clk_div ; 1.000        ; -0.008     ; 2.783      ;
; -1.742 ; eth_to_sdram_bridge:u_bridge|wb_addr_o[11] ; sdram:u_sdram|bank_q[0]                   ; enet_clk_div ; enet_clk_div ; 1.000        ; -0.008     ; 2.766      ;
; -1.742 ; eth_to_sdram_bridge:u_bridge|wb_addr_o[11] ; sdram:u_sdram|bank_q[1]                   ; enet_clk_div ; enet_clk_div ; 1.000        ; -0.008     ; 2.766      ;
; -1.709 ; eth_to_sdram_bridge:u_bridge|wb_addr_o[10] ; sdram:u_sdram|target_state_q.STATE_WRITE0 ; enet_clk_div ; enet_clk_div ; 1.000        ; -0.017     ; 2.724      ;
; -1.709 ; eth_to_sdram_bridge:u_bridge|wb_addr_o[10] ; sdram:u_sdram|target_state_q.STATE_IDLE   ; enet_clk_div ; enet_clk_div ; 1.000        ; -0.017     ; 2.724      ;
; -1.709 ; eth_to_sdram_bridge:u_bridge|wb_addr_o[10] ; sdram:u_sdram|target_state_q.STATE_READ   ; enet_clk_div ; enet_clk_div ; 1.000        ; -0.017     ; 2.724      ;
; -1.688 ; eth_to_sdram_bridge:u_bridge|wb_addr_o[11] ; sdram:u_sdram|target_state_q.STATE_WRITE0 ; enet_clk_div ; enet_clk_div ; 1.000        ; -0.017     ; 2.703      ;
; -1.688 ; eth_to_sdram_bridge:u_bridge|wb_addr_o[11] ; sdram:u_sdram|target_state_q.STATE_IDLE   ; enet_clk_div ; enet_clk_div ; 1.000        ; -0.017     ; 2.703      ;
; -1.688 ; eth_to_sdram_bridge:u_bridge|wb_addr_o[11] ; sdram:u_sdram|target_state_q.STATE_READ   ; enet_clk_div ; enet_clk_div ; 1.000        ; -0.017     ; 2.703      ;
; -1.619 ; sdram:u_sdram|active_row_q[1][0]           ; sdram:u_sdram|bank_q[0]                   ; enet_clk_div ; enet_clk_div ; 1.000        ; -0.032     ; 2.619      ;
; -1.619 ; sdram:u_sdram|active_row_q[1][0]           ; sdram:u_sdram|bank_q[1]                   ; enet_clk_div ; enet_clk_div ; 1.000        ; -0.032     ; 2.619      ;
; -1.616 ; sdram:u_sdram|active_row_q[1][8]           ; sdram:u_sdram|bank_q[0]                   ; enet_clk_div ; enet_clk_div ; 1.000        ; 0.000      ; 2.648      ;
; -1.616 ; sdram:u_sdram|active_row_q[1][8]           ; sdram:u_sdram|bank_q[1]                   ; enet_clk_div ; enet_clk_div ; 1.000        ; 0.000      ; 2.648      ;
; -1.592 ; sdram:u_sdram|active_row_q[2][1]           ; sdram:u_sdram|bank_q[0]                   ; enet_clk_div ; enet_clk_div ; 1.000        ; -0.008     ; 2.616      ;
; -1.592 ; sdram:u_sdram|active_row_q[2][1]           ; sdram:u_sdram|bank_q[1]                   ; enet_clk_div ; enet_clk_div ; 1.000        ; -0.008     ; 2.616      ;
; -1.569 ; sdram:u_sdram|active_row_q[1][0]           ; sdram:u_sdram|target_state_q.STATE_WRITE0 ; enet_clk_div ; enet_clk_div ; 1.000        ; -0.041     ; 2.560      ;
; -1.569 ; sdram:u_sdram|active_row_q[1][0]           ; sdram:u_sdram|target_state_q.STATE_IDLE   ; enet_clk_div ; enet_clk_div ; 1.000        ; -0.041     ; 2.560      ;
; -1.569 ; sdram:u_sdram|active_row_q[1][0]           ; sdram:u_sdram|target_state_q.STATE_READ   ; enet_clk_div ; enet_clk_div ; 1.000        ; -0.041     ; 2.560      ;
; -1.562 ; sdram:u_sdram|active_row_q[1][8]           ; sdram:u_sdram|target_state_q.STATE_WRITE0 ; enet_clk_div ; enet_clk_div ; 1.000        ; -0.009     ; 2.585      ;
; -1.562 ; sdram:u_sdram|active_row_q[1][8]           ; sdram:u_sdram|target_state_q.STATE_IDLE   ; enet_clk_div ; enet_clk_div ; 1.000        ; -0.009     ; 2.585      ;
; -1.562 ; sdram:u_sdram|active_row_q[1][8]           ; sdram:u_sdram|target_state_q.STATE_READ   ; enet_clk_div ; enet_clk_div ; 1.000        ; -0.009     ; 2.585      ;
; -1.542 ; sdram:u_sdram|active_row_q[2][1]           ; sdram:u_sdram|target_state_q.STATE_WRITE0 ; enet_clk_div ; enet_clk_div ; 1.000        ; -0.017     ; 2.557      ;
; -1.542 ; sdram:u_sdram|active_row_q[2][1]           ; sdram:u_sdram|target_state_q.STATE_IDLE   ; enet_clk_div ; enet_clk_div ; 1.000        ; -0.017     ; 2.557      ;
; -1.542 ; sdram:u_sdram|active_row_q[2][1]           ; sdram:u_sdram|target_state_q.STATE_READ   ; enet_clk_div ; enet_clk_div ; 1.000        ; -0.017     ; 2.557      ;
; -1.540 ; sdram:u_sdram|active_row_q[1][4]           ; sdram:u_sdram|bank_q[0]                   ; enet_clk_div ; enet_clk_div ; 1.000        ; 0.000      ; 2.572      ;
; -1.540 ; sdram:u_sdram|active_row_q[1][4]           ; sdram:u_sdram|bank_q[1]                   ; enet_clk_div ; enet_clk_div ; 1.000        ; 0.000      ; 2.572      ;
; -1.510 ; sdram:u_sdram|active_row_q[2][11]          ; sdram:u_sdram|bank_q[0]                   ; enet_clk_div ; enet_clk_div ; 1.000        ; -0.008     ; 2.534      ;
; -1.510 ; sdram:u_sdram|active_row_q[2][11]          ; sdram:u_sdram|bank_q[1]                   ; enet_clk_div ; enet_clk_div ; 1.000        ; -0.008     ; 2.534      ;
; -1.501 ; eth_to_sdram_bridge:u_bridge|wb_addr_o[10] ; sdram:u_sdram|row_open_q[0]               ; enet_clk_div ; enet_clk_div ; 1.000        ; -0.008     ; 2.525      ;
; -1.493 ; eth_to_sdram_bridge:u_bridge|wb_addr_o[10] ; sdram:u_sdram|row_open_q[2]               ; enet_clk_div ; enet_clk_div ; 1.000        ; -0.008     ; 2.517      ;
; -1.493 ; sdram:u_sdram|active_row_q[2][5]           ; sdram:u_sdram|bank_q[0]                   ; enet_clk_div ; enet_clk_div ; 1.000        ; -0.032     ; 2.493      ;
; -1.493 ; sdram:u_sdram|active_row_q[2][5]           ; sdram:u_sdram|bank_q[1]                   ; enet_clk_div ; enet_clk_div ; 1.000        ; -0.032     ; 2.493      ;
; -1.492 ; eth_to_sdram_bridge:u_bridge|wb_addr_o[10] ; sdram:u_sdram|row_open_q[1]               ; enet_clk_div ; enet_clk_div ; 1.000        ; -0.008     ; 2.516      ;
; -1.490 ; sdram:u_sdram|active_row_q[1][4]           ; sdram:u_sdram|target_state_q.STATE_WRITE0 ; enet_clk_div ; enet_clk_div ; 1.000        ; -0.009     ; 2.513      ;
; -1.490 ; sdram:u_sdram|active_row_q[1][4]           ; sdram:u_sdram|target_state_q.STATE_IDLE   ; enet_clk_div ; enet_clk_div ; 1.000        ; -0.009     ; 2.513      ;
; -1.490 ; sdram:u_sdram|active_row_q[1][4]           ; sdram:u_sdram|target_state_q.STATE_READ   ; enet_clk_div ; enet_clk_div ; 1.000        ; -0.009     ; 2.513      ;
; -1.484 ; eth_to_sdram_bridge:u_bridge|wb_addr_o[11] ; sdram:u_sdram|row_open_q[0]               ; enet_clk_div ; enet_clk_div ; 1.000        ; -0.008     ; 2.508      ;
; -1.483 ; sdram:u_sdram|active_row_q[1][12]          ; sdram:u_sdram|bank_q[0]                   ; enet_clk_div ; enet_clk_div ; 1.000        ; -0.032     ; 2.483      ;
; -1.483 ; sdram:u_sdram|active_row_q[1][12]          ; sdram:u_sdram|bank_q[1]                   ; enet_clk_div ; enet_clk_div ; 1.000        ; -0.032     ; 2.483      ;
; -1.482 ; sdram:u_sdram|active_row_q[1][10]          ; sdram:u_sdram|bank_q[0]                   ; enet_clk_div ; enet_clk_div ; 1.000        ; -0.009     ; 2.505      ;
; -1.482 ; sdram:u_sdram|active_row_q[1][10]          ; sdram:u_sdram|bank_q[1]                   ; enet_clk_div ; enet_clk_div ; 1.000        ; -0.009     ; 2.505      ;
; -1.476 ; sdram:u_sdram|active_row_q[0][0]           ; sdram:u_sdram|bank_q[0]                   ; enet_clk_div ; enet_clk_div ; 1.000        ; -0.032     ; 2.476      ;
; -1.476 ; sdram:u_sdram|active_row_q[0][0]           ; sdram:u_sdram|bank_q[1]                   ; enet_clk_div ; enet_clk_div ; 1.000        ; -0.032     ; 2.476      ;
; -1.476 ; eth_to_sdram_bridge:u_bridge|wb_addr_o[11] ; sdram:u_sdram|row_open_q[2]               ; enet_clk_div ; enet_clk_div ; 1.000        ; -0.008     ; 2.500      ;
; -1.475 ; eth_to_sdram_bridge:u_bridge|wb_addr_o[11] ; sdram:u_sdram|row_open_q[1]               ; enet_clk_div ; enet_clk_div ; 1.000        ; -0.008     ; 2.499      ;
; -1.474 ; sdram:u_sdram|active_row_q[2][9]           ; sdram:u_sdram|bank_q[0]                   ; enet_clk_div ; enet_clk_div ; 1.000        ; -0.024     ; 2.482      ;
; -1.474 ; sdram:u_sdram|active_row_q[2][9]           ; sdram:u_sdram|bank_q[1]                   ; enet_clk_div ; enet_clk_div ; 1.000        ; -0.024     ; 2.482      ;
; -1.471 ; eth_to_sdram_bridge:u_bridge|wb_addr_o[10] ; sdram:u_sdram|state_q.STATE_IDLE          ; enet_clk_div ; enet_clk_div ; 1.000        ; 0.007      ; 2.510      ;
; -1.465 ; sdram:u_sdram|active_row_q[1][2]           ; sdram:u_sdram|bank_q[0]                   ; enet_clk_div ; enet_clk_div ; 1.000        ; 0.000      ; 2.497      ;
; -1.465 ; sdram:u_sdram|active_row_q[1][2]           ; sdram:u_sdram|bank_q[1]                   ; enet_clk_div ; enet_clk_div ; 1.000        ; 0.000      ; 2.497      ;
; -1.464 ; eth_to_sdram_bridge:u_bridge|wb_addr_o[10] ; sdram:u_sdram|state_q.STATE_PRECHARGE     ; enet_clk_div ; enet_clk_div ; 1.000        ; -0.017     ; 2.479      ;
; -1.456 ; sdram:u_sdram|active_row_q[2][11]          ; sdram:u_sdram|target_state_q.STATE_WRITE0 ; enet_clk_div ; enet_clk_div ; 1.000        ; -0.017     ; 2.471      ;
; -1.456 ; sdram:u_sdram|active_row_q[2][11]          ; sdram:u_sdram|target_state_q.STATE_IDLE   ; enet_clk_div ; enet_clk_div ; 1.000        ; -0.017     ; 2.471      ;
; -1.456 ; sdram:u_sdram|active_row_q[2][11]          ; sdram:u_sdram|target_state_q.STATE_READ   ; enet_clk_div ; enet_clk_div ; 1.000        ; -0.017     ; 2.471      ;
; -1.450 ; sdram:u_sdram|active_row_q[3][1]           ; sdram:u_sdram|bank_q[0]                   ; enet_clk_div ; enet_clk_div ; 1.000        ; -0.008     ; 2.474      ;
; -1.450 ; sdram:u_sdram|active_row_q[3][1]           ; sdram:u_sdram|bank_q[1]                   ; enet_clk_div ; enet_clk_div ; 1.000        ; -0.008     ; 2.474      ;
; -1.447 ; eth_to_sdram_bridge:u_bridge|wb_addr_o[11] ; sdram:u_sdram|state_q.STATE_PRECHARGE     ; enet_clk_div ; enet_clk_div ; 1.000        ; -0.017     ; 2.462      ;
; -1.443 ; sdram:u_sdram|active_row_q[2][5]           ; sdram:u_sdram|target_state_q.STATE_WRITE0 ; enet_clk_div ; enet_clk_div ; 1.000        ; -0.041     ; 2.434      ;
; -1.443 ; sdram:u_sdram|active_row_q[2][5]           ; sdram:u_sdram|target_state_q.STATE_IDLE   ; enet_clk_div ; enet_clk_div ; 1.000        ; -0.041     ; 2.434      ;
; -1.443 ; sdram:u_sdram|active_row_q[2][5]           ; sdram:u_sdram|target_state_q.STATE_READ   ; enet_clk_div ; enet_clk_div ; 1.000        ; -0.041     ; 2.434      ;
; -1.439 ; eth_to_sdram_bridge:u_bridge|wb_addr_o[11] ; sdram:u_sdram|state_q.STATE_IDLE          ; enet_clk_div ; enet_clk_div ; 1.000        ; 0.007      ; 2.478      ;
; -1.436 ; sdram:u_sdram|active_row_q[2][8]           ; sdram:u_sdram|bank_q[0]                   ; enet_clk_div ; enet_clk_div ; 1.000        ; -0.024     ; 2.444      ;
; -1.436 ; sdram:u_sdram|active_row_q[2][8]           ; sdram:u_sdram|bank_q[1]                   ; enet_clk_div ; enet_clk_div ; 1.000        ; -0.024     ; 2.444      ;
; -1.429 ; sdram:u_sdram|active_row_q[1][12]          ; sdram:u_sdram|target_state_q.STATE_WRITE0 ; enet_clk_div ; enet_clk_div ; 1.000        ; -0.041     ; 2.420      ;
; -1.429 ; sdram:u_sdram|active_row_q[1][12]          ; sdram:u_sdram|target_state_q.STATE_IDLE   ; enet_clk_div ; enet_clk_div ; 1.000        ; -0.041     ; 2.420      ;
; -1.429 ; sdram:u_sdram|active_row_q[1][12]          ; sdram:u_sdram|target_state_q.STATE_READ   ; enet_clk_div ; enet_clk_div ; 1.000        ; -0.041     ; 2.420      ;
; -1.428 ; sdram:u_sdram|active_row_q[1][10]          ; sdram:u_sdram|target_state_q.STATE_WRITE0 ; enet_clk_div ; enet_clk_div ; 1.000        ; -0.018     ; 2.442      ;
; -1.428 ; sdram:u_sdram|active_row_q[1][10]          ; sdram:u_sdram|target_state_q.STATE_IDLE   ; enet_clk_div ; enet_clk_div ; 1.000        ; -0.018     ; 2.442      ;
; -1.428 ; sdram:u_sdram|active_row_q[1][10]          ; sdram:u_sdram|target_state_q.STATE_READ   ; enet_clk_div ; enet_clk_div ; 1.000        ; -0.018     ; 2.442      ;
; -1.426 ; sdram:u_sdram|active_row_q[0][0]           ; sdram:u_sdram|target_state_q.STATE_WRITE0 ; enet_clk_div ; enet_clk_div ; 1.000        ; -0.041     ; 2.417      ;
; -1.426 ; sdram:u_sdram|active_row_q[0][0]           ; sdram:u_sdram|target_state_q.STATE_IDLE   ; enet_clk_div ; enet_clk_div ; 1.000        ; -0.041     ; 2.417      ;
; -1.426 ; sdram:u_sdram|active_row_q[0][0]           ; sdram:u_sdram|target_state_q.STATE_READ   ; enet_clk_div ; enet_clk_div ; 1.000        ; -0.041     ; 2.417      ;
; -1.420 ; sdram:u_sdram|active_row_q[2][9]           ; sdram:u_sdram|target_state_q.STATE_WRITE0 ; enet_clk_div ; enet_clk_div ; 1.000        ; -0.033     ; 2.419      ;
; -1.420 ; sdram:u_sdram|active_row_q[2][9]           ; sdram:u_sdram|target_state_q.STATE_IDLE   ; enet_clk_div ; enet_clk_div ; 1.000        ; -0.033     ; 2.419      ;
; -1.420 ; sdram:u_sdram|active_row_q[2][9]           ; sdram:u_sdram|target_state_q.STATE_READ   ; enet_clk_div ; enet_clk_div ; 1.000        ; -0.033     ; 2.419      ;
; -1.415 ; sdram:u_sdram|active_row_q[1][2]           ; sdram:u_sdram|target_state_q.STATE_WRITE0 ; enet_clk_div ; enet_clk_div ; 1.000        ; -0.009     ; 2.438      ;
; -1.415 ; sdram:u_sdram|active_row_q[1][2]           ; sdram:u_sdram|target_state_q.STATE_IDLE   ; enet_clk_div ; enet_clk_div ; 1.000        ; -0.009     ; 2.438      ;
; -1.415 ; sdram:u_sdram|active_row_q[1][2]           ; sdram:u_sdram|target_state_q.STATE_READ   ; enet_clk_div ; enet_clk_div ; 1.000        ; -0.009     ; 2.438      ;
; -1.405 ; sdram:u_sdram|active_row_q[0][1]           ; sdram:u_sdram|bank_q[0]                   ; enet_clk_div ; enet_clk_div ; 1.000        ; -0.032     ; 2.405      ;
; -1.405 ; sdram:u_sdram|active_row_q[0][1]           ; sdram:u_sdram|bank_q[1]                   ; enet_clk_div ; enet_clk_div ; 1.000        ; -0.032     ; 2.405      ;
; -1.405 ; sdram:u_sdram|active_row_q[3][11]          ; sdram:u_sdram|bank_q[0]                   ; enet_clk_div ; enet_clk_div ; 1.000        ; -0.008     ; 2.429      ;
; -1.405 ; sdram:u_sdram|active_row_q[3][11]          ; sdram:u_sdram|bank_q[1]                   ; enet_clk_div ; enet_clk_div ; 1.000        ; -0.008     ; 2.429      ;
; -1.405 ; sdram:u_sdram|active_row_q[2][3]           ; sdram:u_sdram|bank_q[0]                   ; enet_clk_div ; enet_clk_div ; 1.000        ; -0.024     ; 2.413      ;
; -1.405 ; sdram:u_sdram|active_row_q[2][3]           ; sdram:u_sdram|bank_q[1]                   ; enet_clk_div ; enet_clk_div ; 1.000        ; -0.024     ; 2.413      ;
; -1.400 ; sdram:u_sdram|active_row_q[3][1]           ; sdram:u_sdram|target_state_q.STATE_WRITE0 ; enet_clk_div ; enet_clk_div ; 1.000        ; -0.017     ; 2.415      ;
; -1.400 ; sdram:u_sdram|active_row_q[3][1]           ; sdram:u_sdram|target_state_q.STATE_IDLE   ; enet_clk_div ; enet_clk_div ; 1.000        ; -0.017     ; 2.415      ;
; -1.400 ; sdram:u_sdram|active_row_q[3][1]           ; sdram:u_sdram|target_state_q.STATE_READ   ; enet_clk_div ; enet_clk_div ; 1.000        ; -0.017     ; 2.415      ;
; -1.399 ; eth_to_sdram_bridge:u_bridge|wb_addr_o[10] ; sdram:u_sdram|delay_state_q.STATE_WRITE0  ; enet_clk_div ; enet_clk_div ; 1.000        ; 0.007      ; 2.438      ;
; -1.399 ; sdram:u_sdram|active_row_q[1][9]           ; sdram:u_sdram|bank_q[0]                   ; enet_clk_div ; enet_clk_div ; 1.000        ; 0.000      ; 2.431      ;
; -1.399 ; sdram:u_sdram|active_row_q[1][9]           ; sdram:u_sdram|bank_q[1]                   ; enet_clk_div ; enet_clk_div ; 1.000        ; 0.000      ; 2.431      ;
; -1.385 ; eth_to_sdram_bridge:u_bridge|wb_addr_o[10] ; sdram:u_sdram|state_q.STATE_WRITE0        ; enet_clk_div ; enet_clk_div ; 1.000        ; 0.007      ; 2.424      ;
; -1.382 ; sdram:u_sdram|active_row_q[2][8]           ; sdram:u_sdram|target_state_q.STATE_WRITE0 ; enet_clk_div ; enet_clk_div ; 1.000        ; -0.033     ; 2.381      ;
; -1.382 ; sdram:u_sdram|active_row_q[2][8]           ; sdram:u_sdram|target_state_q.STATE_IDLE   ; enet_clk_div ; enet_clk_div ; 1.000        ; -0.033     ; 2.381      ;
; -1.382 ; sdram:u_sdram|active_row_q[2][8]           ; sdram:u_sdram|target_state_q.STATE_READ   ; enet_clk_div ; enet_clk_div ; 1.000        ; -0.033     ; 2.381      ;
; -1.382 ; sdram:u_sdram|active_row_q[1][6]           ; sdram:u_sdram|bank_q[0]                   ; enet_clk_div ; enet_clk_div ; 1.000        ; 0.000      ; 2.414      ;
; -1.382 ; sdram:u_sdram|active_row_q[1][6]           ; sdram:u_sdram|bank_q[1]                   ; enet_clk_div ; enet_clk_div ; 1.000        ; 0.000      ; 2.414      ;
; -1.369 ; eth_to_sdram_bridge:u_bridge|wb_addr_o[16] ; sdram:u_sdram|bank_q[0]                   ; enet_clk_div ; enet_clk_div ; 1.000        ; -0.008     ; 2.393      ;
; -1.369 ; eth_to_sdram_bridge:u_bridge|wb_addr_o[16] ; sdram:u_sdram|bank_q[1]                   ; enet_clk_div ; enet_clk_div ; 1.000        ; -0.008     ; 2.393      ;
; -1.364 ; sdram:u_sdram|active_row_q[0][8]           ; sdram:u_sdram|bank_q[0]                   ; enet_clk_div ; enet_clk_div ; 1.000        ; -0.024     ; 2.372      ;
+--------+--------------------------------------------+-------------------------------------------+--------------+--------------+--------------+------------+------------+


+-----------------------------------------------------------------------------------------------------------+
; Fast Model Setup: 'CLOCK_50'                                                                              ;
+-------+--------------+--------------+--------------+-------------+--------------+------------+------------+
; Slack ; From Node    ; To Node      ; Launch Clock ; Latch Clock ; Relationship ; Clock Skew ; Data Delay ;
+-------+--------------+--------------+--------------+-------------+--------------+------------+------------+
; 1.560 ; enet_clk_div ; enet_clk_div ; enet_clk_div ; CLOCK_50    ; 0.500        ; 1.254      ; 0.367      ;
; 2.060 ; enet_clk_div ; enet_clk_div ; enet_clk_div ; CLOCK_50    ; 1.000        ; 1.254      ; 0.367      ;
+-------+--------------+--------------+--------------+-------------+--------------+------------+------------+


+------------------------------------------------------------------------------------------------------------+
; Fast Model Hold: 'CLOCK_50'                                                                                ;
+--------+--------------+--------------+--------------+-------------+--------------+------------+------------+
; Slack  ; From Node    ; To Node      ; Launch Clock ; Latch Clock ; Relationship ; Clock Skew ; Data Delay ;
+--------+--------------+--------------+--------------+-------------+--------------+------------+------------+
; -1.180 ; enet_clk_div ; enet_clk_div ; enet_clk_div ; CLOCK_50    ; 0.000        ; 1.254      ; 0.367      ;
; -0.680 ; enet_clk_div ; enet_clk_div ; enet_clk_div ; CLOCK_50    ; -0.500       ; 1.254      ; 0.367      ;
+--------+--------------+--------------+--------------+-------------+--------------+------------+------------+


+----------------------------------------------------------------------------------------------------------------------------------------------------------------------------------+
; Fast Model Hold: 'enet_clk_div'                                                                                                                                                  ;
+-------+-------------------------------------------------+-------------------------------------------------+--------------+--------------+--------------+------------+------------+
; Slack ; From Node                                       ; To Node                                         ; Launch Clock ; Latch Clock  ; Relationship ; Clock Skew ; Data Delay ;
+-------+-------------------------------------------------+-------------------------------------------------+--------------+--------------+--------------+------------+------------+
; 0.215 ; dm9000_bus_if:u_bus|state.S_RESET_HOLD          ; dm9000_bus_if:u_bus|state.S_RESET_HOLD          ; enet_clk_div ; enet_clk_div ; 0.000        ; 0.000      ; 0.367      ;
; 0.215 ; dm9000_core:u_core|state.S_RX_DATA              ; dm9000_core:u_core|state.S_RX_DATA              ; enet_clk_div ; enet_clk_div ; 0.000        ; 0.000      ; 0.367      ;
; 0.215 ; dm9000_core:u_core|rx_frame_ready               ; dm9000_core:u_core|rx_frame_ready               ; enet_clk_div ; enet_clk_div ; 0.000        ; 0.000      ; 0.367      ;
; 0.215 ; eth_to_sdram_bridge:u_bridge|state.S_HDR_MAGIC  ; eth_to_sdram_bridge:u_bridge|state.S_HDR_MAGIC  ; enet_clk_div ; enet_clk_div ; 0.000        ; 0.000      ; 0.367      ;
; 0.215 ; dm9000_bus_if:u_bus|data_oe                     ; dm9000_bus_if:u_bus|data_oe                     ; enet_clk_div ; enet_clk_div ; 0.000        ; 0.000      ; 0.367      ;
; 0.215 ; dm9000_core:u_core|bus_req_wdata[2]             ; dm9000_core:u_core|bus_req_wdata[2]             ; enet_clk_div ; enet_clk_div ; 0.000        ; 0.000      ; 0.367      ;
; 0.215 ; dm9000_core:u_core|bus_req_reg_addr[2]          ; dm9000_core:u_core|bus_req_reg_addr[2]          ; enet_clk_div ; enet_clk_div ; 0.000        ; 0.000      ; 0.367      ;
; 0.215 ; dm9000_bus_if:u_bus|data_out[2]                 ; dm9000_bus_if:u_bus|data_out[2]                 ; enet_clk_div ; enet_clk_div ; 0.000        ; 0.000      ; 0.367      ;
; 0.215 ; dm9000_core:u_core|bus_req_wdata[3]             ; dm9000_core:u_core|bus_req_wdata[3]             ; enet_clk_div ; enet_clk_div ; 0.000        ; 0.000      ; 0.367      ;
; 0.215 ; dm9000_core:u_core|bus_req_reg_addr[3]          ; dm9000_core:u_core|bus_req_reg_addr[3]          ; enet_clk_div ; enet_clk_div ; 0.000        ; 0.000      ; 0.367      ;
; 0.215 ; dm9000_bus_if:u_bus|data_out[3]                 ; dm9000_bus_if:u_bus|data_out[3]                 ; enet_clk_div ; enet_clk_div ; 0.000        ; 0.000      ; 0.367      ;
; 0.215 ; dm9000_core:u_core|bus_req_reg_addr[6]          ; dm9000_core:u_core|bus_req_reg_addr[6]          ; enet_clk_div ; enet_clk_div ; 0.000        ; 0.000      ; 0.367      ;
; 0.215 ; dm9000_core:u_core|bus_req_reg_addr[1]          ; dm9000_core:u_core|bus_req_reg_addr[1]          ; enet_clk_div ; enet_clk_div ; 0.000        ; 0.000      ; 0.367      ;
; 0.215 ; dm9000_bus_if:u_bus|data_out[1]                 ; dm9000_bus_if:u_bus|data_out[1]                 ; enet_clk_div ; enet_clk_div ; 0.000        ; 0.000      ; 0.367      ;
; 0.215 ; dm9000_bus_if:u_bus|data_out[7]                 ; dm9000_bus_if:u_bus|data_out[7]                 ; enet_clk_div ; enet_clk_div ; 0.000        ; 0.000      ; 0.367      ;
; 0.215 ; dm9000_core:u_core|bus_req_reg_addr[4]          ; dm9000_core:u_core|bus_req_reg_addr[4]          ; enet_clk_div ; enet_clk_div ; 0.000        ; 0.000      ; 0.367      ;
; 0.215 ; dm9000_bus_if:u_bus|data_out[4]                 ; dm9000_bus_if:u_bus|data_out[4]                 ; enet_clk_div ; enet_clk_div ; 0.000        ; 0.000      ; 0.367      ;
; 0.215 ; dm9000_core:u_core|bus_req_reg_addr[5]          ; dm9000_core:u_core|bus_req_reg_addr[5]          ; enet_clk_div ; enet_clk_div ; 0.000        ; 0.000      ; 0.367      ;
; 0.215 ; dm9000_bus_if:u_bus|data_out[5]                 ; dm9000_bus_if:u_bus|data_out[5]                 ; enet_clk_div ; enet_clk_div ; 0.000        ; 0.000      ; 0.367      ;
; 0.215 ; dm9000_bus_if:u_bus|data_out[6]                 ; dm9000_bus_if:u_bus|data_out[6]                 ; enet_clk_div ; enet_clk_div ; 0.000        ; 0.000      ; 0.367      ;
; 0.215 ; sdram:u_sdram|refresh_q                         ; sdram:u_sdram|refresh_q                         ; enet_clk_div ; enet_clk_div ; 0.000        ; 0.000      ; 0.367      ;
; 0.215 ; sdram:u_sdram|row_open_q[0]                     ; sdram:u_sdram|row_open_q[0]                     ; enet_clk_div ; enet_clk_div ; 0.000        ; 0.000      ; 0.367      ;
; 0.215 ; sdram:u_sdram|row_open_q[2]                     ; sdram:u_sdram|row_open_q[2]                     ; enet_clk_div ; enet_clk_div ; 0.000        ; 0.000      ; 0.367      ;
; 0.215 ; sdram:u_sdram|row_open_q[1]                     ; sdram:u_sdram|row_open_q[1]                     ; enet_clk_div ; enet_clk_div ; 0.000        ; 0.000      ; 0.367      ;
; 0.215 ; sdram:u_sdram|delay_state_q.STATE_INIT          ; sdram:u_sdram|delay_state_q.STATE_INIT          ; enet_clk_div ; enet_clk_div ; 0.000        ; 0.000      ; 0.367      ;
; 0.215 ; sdram:u_sdram|target_state_q.STATE_REFRESH      ; sdram:u_sdram|target_state_q.STATE_REFRESH      ; enet_clk_div ; enet_clk_div ; 0.000        ; 0.000      ; 0.367      ;
; 0.215 ; sdram:u_sdram|row_open_q[3]                     ; sdram:u_sdram|row_open_q[3]                     ; enet_clk_div ; enet_clk_div ; 0.000        ; 0.000      ; 0.367      ;
; 0.215 ; sdram:u_sdram|delay_state_q.STATE_READ          ; sdram:u_sdram|delay_state_q.STATE_READ          ; enet_clk_div ; enet_clk_div ; 0.000        ; 0.000      ; 0.367      ;
; 0.215 ; eth_to_sdram_bridge:u_bridge|state.S_HDR_CRC_HI ; eth_to_sdram_bridge:u_bridge|state.S_HDR_CRC_HI ; enet_clk_div ; enet_clk_div ; 0.000        ; 0.000      ; 0.367      ;
; 0.215 ; eth_to_sdram_bridge:u_bridge|wb_stb_o           ; eth_to_sdram_bridge:u_bridge|wb_stb_o           ; enet_clk_div ; enet_clk_div ; 0.000        ; 0.000      ; 0.367      ;
; 0.215 ; dm9000_core:u_core|bus_req_cmd[1]               ; dm9000_core:u_core|bus_req_cmd[1]               ; enet_clk_div ; enet_clk_div ; 0.000        ; 0.000      ; 0.367      ;
; 0.215 ; dm9000_core:u_core|bus_req_wdata[0]             ; dm9000_core:u_core|bus_req_wdata[0]             ; enet_clk_div ; enet_clk_div ; 0.000        ; 0.000      ; 0.367      ;
; 0.215 ; dm9000_core:u_core|bus_req_reg_addr[0]          ; dm9000_core:u_core|bus_req_reg_addr[0]          ; enet_clk_div ; enet_clk_div ; 0.000        ; 0.000      ; 0.367      ;
; 0.215 ; dm9000_bus_if:u_bus|data_out[0]                 ; dm9000_bus_if:u_bus|data_out[0]                 ; enet_clk_div ; enet_clk_div ; 0.000        ; 0.000      ; 0.367      ;
; 0.215 ; dm9000_core:u_core|state.S_CLR_ISR              ; dm9000_core:u_core|state.S_CLR_ISR              ; enet_clk_div ; enet_clk_div ; 0.000        ; 0.000      ; 0.367      ;
; 0.215 ; dm9000_core:u_core|state.S_IDLE                 ; dm9000_core:u_core|state.S_IDLE                 ; enet_clk_div ; enet_clk_div ; 0.000        ; 0.000      ; 0.367      ;
; 0.215 ; dm9000_core:u_core|state.S_RX_STATUS            ; dm9000_core:u_core|state.S_RX_STATUS            ; enet_clk_div ; enet_clk_div ; 0.000        ; 0.000      ; 0.367      ;
; 0.215 ; dm9000_bus_if:u_bus|req_ready                   ; dm9000_bus_if:u_bus|req_ready                   ; enet_clk_div ; enet_clk_div ; 0.000        ; 0.000      ; 0.367      ;
; 0.215 ; dm9000_core:u_core|bus_req_valid                ; dm9000_core:u_core|bus_req_valid                ; enet_clk_div ; enet_clk_div ; 0.000        ; 0.000      ; 0.367      ;
; 0.215 ; dm9000_bus_if:u_bus|state.S_IDLE                ; dm9000_bus_if:u_bus|state.S_IDLE                ; enet_clk_div ; enet_clk_div ; 0.000        ; 0.000      ; 0.367      ;
; 0.215 ; dm9000_core:u_core|bus_req_cmd[0]               ; dm9000_core:u_core|bus_req_cmd[0]               ; enet_clk_div ; enet_clk_div ; 0.000        ; 0.000      ; 0.367      ;
; 0.215 ; sdram:u_sdram|data_rd_en_q                      ; sdram:u_sdram|data_rd_en_q                      ; enet_clk_div ; enet_clk_div ; 0.000        ; 0.000      ; 0.367      ;
; 0.215 ; sdram:u_sdram|data_q[0]                         ; sdram:u_sdram|data_q[0]                         ; enet_clk_div ; enet_clk_div ; 0.000        ; 0.000      ; 0.367      ;
; 0.215 ; sdram:u_sdram|data_q[1]                         ; sdram:u_sdram|data_q[1]                         ; enet_clk_div ; enet_clk_div ; 0.000        ; 0.000      ; 0.367      ;
; 0.215 ; sdram:u_sdram|data_q[2]                         ; sdram:u_sdram|data_q[2]                         ; enet_clk_div ; enet_clk_div ; 0.000        ; 0.000      ; 0.367      ;
; 0.215 ; sdram:u_sdram|data_q[3]                         ; sdram:u_sdram|data_q[3]                         ; enet_clk_div ; enet_clk_div ; 0.000        ; 0.000      ; 0.367      ;
; 0.215 ; sdram:u_sdram|data_q[4]                         ; sdram:u_sdram|data_q[4]                         ; enet_clk_div ; enet_clk_div ; 0.000        ; 0.000      ; 0.367      ;
; 0.215 ; sdram:u_sdram|data_q[5]                         ; sdram:u_sdram|data_q[5]                         ; enet_clk_div ; enet_clk_div ; 0.000        ; 0.000      ; 0.367      ;
; 0.215 ; sdram:u_sdram|data_q[6]                         ; sdram:u_sdram|data_q[6]                         ; enet_clk_div ; enet_clk_div ; 0.000        ; 0.000      ; 0.367      ;
; 0.215 ; sdram:u_sdram|data_q[7]                         ; sdram:u_sdram|data_q[7]                         ; enet_clk_div ; enet_clk_div ; 0.000        ; 0.000      ; 0.367      ;
; 0.215 ; sdram:u_sdram|data_q[8]                         ; sdram:u_sdram|data_q[8]                         ; enet_clk_div ; enet_clk_div ; 0.000        ; 0.000      ; 0.367      ;
; 0.215 ; sdram:u_sdram|data_q[9]                         ; sdram:u_sdram|data_q[9]                         ; enet_clk_div ; enet_clk_div ; 0.000        ; 0.000      ; 0.367      ;
; 0.215 ; sdram:u_sdram|data_q[10]                        ; sdram:u_sdram|data_q[10]                        ; enet_clk_div ; enet_clk_div ; 0.000        ; 0.000      ; 0.367      ;
; 0.215 ; sdram:u_sdram|data_q[11]                        ; sdram:u_sdram|data_q[11]                        ; enet_clk_div ; enet_clk_div ; 0.000        ; 0.000      ; 0.367      ;
; 0.215 ; sdram:u_sdram|data_q[12]                        ; sdram:u_sdram|data_q[12]                        ; enet_clk_div ; enet_clk_div ; 0.000        ; 0.000      ; 0.367      ;
; 0.215 ; sdram:u_sdram|data_q[13]                        ; sdram:u_sdram|data_q[13]                        ; enet_clk_div ; enet_clk_div ; 0.000        ; 0.000      ; 0.367      ;
; 0.215 ; sdram:u_sdram|data_q[14]                        ; sdram:u_sdram|data_q[14]                        ; enet_clk_div ; enet_clk_div ; 0.000        ; 0.000      ; 0.367      ;
; 0.215 ; sdram:u_sdram|data_q[15]                        ; sdram:u_sdram|data_q[15]                        ; enet_clk_div ; enet_clk_div ; 0.000        ; 0.000      ; 0.367      ;
; 0.215 ; dm9000_core:u_core|init_done                    ; dm9000_core:u_core|init_done                    ; enet_clk_div ; enet_clk_div ; 0.000        ; 0.000      ; 0.367      ;
; 0.215 ; dm9000_core:u_core|link_ok                      ; dm9000_core:u_core|link_ok                      ; enet_clk_div ; enet_clk_div ; 0.000        ; 0.000      ; 0.367      ;
; 0.215 ; dm9000_core:u_core|chip_vid[15]                 ; dm9000_core:u_core|chip_vid[15]                 ; enet_clk_div ; enet_clk_div ; 0.000        ; 0.000      ; 0.367      ;
; 0.215 ; dm9000_bus_if:u_bus|ENET_CMD                    ; dm9000_bus_if:u_bus|ENET_CMD                    ; enet_clk_div ; enet_clk_div ; 0.000        ; 0.000      ; 0.367      ;
; 0.215 ; dm9000_bus_if:u_bus|ENET_CS_N                   ; dm9000_bus_if:u_bus|ENET_CS_N                   ; enet_clk_div ; enet_clk_div ; 0.000        ; 0.000      ; 0.367      ;
; 0.215 ; dm9000_bus_if:u_bus|ENET_RD_N                   ; dm9000_bus_if:u_bus|ENET_RD_N                   ; enet_clk_div ; enet_clk_div ; 0.000        ; 0.000      ; 0.367      ;
; 0.215 ; dm9000_bus_if:u_bus|ENET_RST_N                  ; dm9000_bus_if:u_bus|ENET_RST_N                  ; enet_clk_div ; enet_clk_div ; 0.000        ; 0.000      ; 0.367      ;
; 0.215 ; dm9000_bus_if:u_bus|ENET_WR_N                   ; dm9000_bus_if:u_bus|ENET_WR_N                   ; enet_clk_div ; enet_clk_div ; 0.000        ; 0.000      ; 0.367      ;
; 0.215 ; sdram:u_sdram|addr_q[0]                         ; sdram:u_sdram|addr_q[0]                         ; enet_clk_div ; enet_clk_div ; 0.000        ; 0.000      ; 0.367      ;
; 0.215 ; sdram:u_sdram|addr_q[5]                         ; sdram:u_sdram|addr_q[5]                         ; enet_clk_div ; enet_clk_div ; 0.000        ; 0.000      ; 0.367      ;
; 0.215 ; sdram:u_sdram|cke_q                             ; sdram:u_sdram|cke_q                             ; enet_clk_div ; enet_clk_div ; 0.000        ; 0.000      ; 0.367      ;
; 0.215 ; sdram:u_sdram|dqm_q[0]                          ; sdram:u_sdram|dqm_q[0]                          ; enet_clk_div ; enet_clk_div ; 0.000        ; 0.000      ; 0.367      ;
; 0.235 ; dm9000_bus_if:u_bus|rsp_rdata[14]               ; dm9000_core:u_core|rx_data[14]                  ; enet_clk_div ; enet_clk_div ; 0.000        ; 0.000      ; 0.387      ;
; 0.235 ; sdram:u_sdram|rd_q[1]                           ; sdram:u_sdram|rd_q[2]                           ; enet_clk_div ; enet_clk_div ; 0.000        ; 0.000      ; 0.387      ;
; 0.236 ; dm9000_bus_if:u_bus|rsp_rdata[0]                ; dm9000_core:u_core|rx_data[0]                   ; enet_clk_div ; enet_clk_div ; 0.000        ; 0.000      ; 0.388      ;
; 0.236 ; sdram:u_sdram|sample_data0_q[11]                ; sdram:u_sdram|sample_data_q[11]                 ; enet_clk_div ; enet_clk_div ; 0.000        ; 0.000      ; 0.388      ;
; 0.237 ; dm9000_bus_if:u_bus|rsp_rdata[2]                ; dm9000_core:u_core|rx_data[2]                   ; enet_clk_div ; enet_clk_div ; 0.000        ; 0.000      ; 0.389      ;
; 0.237 ; sdram:u_sdram|sample_data0_q[0]                 ; sdram:u_sdram|sample_data_q[0]                  ; enet_clk_div ; enet_clk_div ; 0.000        ; 0.000      ; 0.389      ;
; 0.237 ; sdram:u_sdram|sample_data0_q[1]                 ; sdram:u_sdram|sample_data_q[1]                  ; enet_clk_div ; enet_clk_div ; 0.000        ; 0.000      ; 0.389      ;
; 0.237 ; sdram:u_sdram|sample_data0_q[4]                 ; sdram:u_sdram|sample_data_q[4]                  ; enet_clk_div ; enet_clk_div ; 0.000        ; 0.000      ; 0.389      ;
; 0.238 ; eth_to_sdram_bridge:u_bridge|pixel0_buf[1]      ; eth_to_sdram_bridge:u_bridge|wb_data_o[1]       ; enet_clk_div ; enet_clk_div ; 0.000        ; 0.000      ; 0.390      ;
; 0.238 ; eth_to_sdram_bridge:u_bridge|pixel1_buf[11]     ; eth_to_sdram_bridge:u_bridge|wb_data_o[27]      ; enet_clk_div ; enet_clk_div ; 0.000        ; 0.000      ; 0.390      ;
; 0.238 ; eth_to_sdram_bridge:u_bridge|pixel0_buf[11]     ; eth_to_sdram_bridge:u_bridge|wb_data_o[11]      ; enet_clk_div ; enet_clk_div ; 0.000        ; 0.000      ; 0.390      ;
; 0.239 ; dm9000_bus_if:u_bus|rsp_rdata[8]                ; dm9000_core:u_core|rx_data[8]                   ; enet_clk_div ; enet_clk_div ; 0.000        ; 0.000      ; 0.391      ;
; 0.239 ; sdram:u_sdram|rd_q[2]                           ; sdram:u_sdram|rd_q[3]                           ; enet_clk_div ; enet_clk_div ; 0.000        ; 0.000      ; 0.391      ;
; 0.239 ; eth_to_sdram_bridge:u_bridge|pixel1_buf[8]      ; eth_to_sdram_bridge:u_bridge|wb_data_o[24]      ; enet_clk_div ; enet_clk_div ; 0.000        ; 0.000      ; 0.391      ;
; 0.239 ; sdram:u_sdram|sample_data0_q[9]                 ; sdram:u_sdram|sample_data_q[9]                  ; enet_clk_div ; enet_clk_div ; 0.000        ; 0.000      ; 0.391      ;
; 0.239 ; sdram:u_sdram|sample_data0_q[13]                ; sdram:u_sdram|sample_data_q[13]                 ; enet_clk_div ; enet_clk_div ; 0.000        ; 0.000      ; 0.391      ;
; 0.240 ; sdram:u_sdram|sample_data0_q[5]                 ; sdram:u_sdram|sample_data_q[5]                  ; enet_clk_div ; enet_clk_div ; 0.000        ; 0.000      ; 0.392      ;
; 0.240 ; sdram:u_sdram|sample_data0_q[10]                ; sdram:u_sdram|sample_data_q[10]                 ; enet_clk_div ; enet_clk_div ; 0.000        ; 0.000      ; 0.392      ;
; 0.241 ; dm9000_bus_if:u_bus|rsp_rdata[10]               ; dm9000_core:u_core|rx_data[10]                  ; enet_clk_div ; enet_clk_div ; 0.000        ; 0.000      ; 0.393      ;
; 0.241 ; eth_to_sdram_bridge:u_bridge|pixel1_buf[15]     ; eth_to_sdram_bridge:u_bridge|wb_data_o[31]      ; enet_clk_div ; enet_clk_div ; 0.000        ; 0.000      ; 0.393      ;
; 0.242 ; dm9000_bus_if:u_bus|rsp_rdata[5]                ; dm9000_core:u_core|rx_data[5]                   ; enet_clk_div ; enet_clk_div ; 0.000        ; 0.000      ; 0.394      ;
; 0.242 ; sdram:u_sdram|sample_data0_q[2]                 ; sdram:u_sdram|sample_data_q[2]                  ; enet_clk_div ; enet_clk_div ; 0.000        ; 0.000      ; 0.394      ;
; 0.242 ; eth_to_sdram_bridge:u_bridge|pixel1_buf[13]     ; eth_to_sdram_bridge:u_bridge|wb_data_o[29]      ; enet_clk_div ; enet_clk_div ; 0.000        ; 0.000      ; 0.394      ;
; 0.243 ; eth_to_sdram_bridge:u_bridge|wb_addr_o[13]      ; sdram:u_sdram|active_row_q[3][1]                ; enet_clk_div ; enet_clk_div ; 0.000        ; 0.000      ; 0.395      ;
; 0.243 ; eth_to_sdram_bridge:u_bridge|state.S_HDR_CRC_HI ; eth_to_sdram_bridge:u_bridge|state.S_HDR_CRC_LO ; enet_clk_div ; enet_clk_div ; 0.000        ; 0.000      ; 0.395      ;
; 0.243 ; eth_to_sdram_bridge:u_bridge|next_wb_addr[31]   ; eth_to_sdram_bridge:u_bridge|next_wb_addr[31]   ; enet_clk_div ; enet_clk_div ; 0.000        ; 0.000      ; 0.395      ;
; 0.243 ; dm9000_core:u_core|bus_req_reg_addr[0]          ; dm9000_bus_if:u_bus|reg_latched[0]              ; enet_clk_div ; enet_clk_div ; 0.000        ; 0.000      ; 0.395      ;
; 0.243 ; sdram:u_sdram|sample_data0_q[7]                 ; sdram:u_sdram|sample_data_q[7]                  ; enet_clk_div ; enet_clk_div ; 0.000        ; 0.000      ; 0.395      ;
; 0.244 ; dm9000_core:u_core|bus_req_reg_addr[3]          ; dm9000_bus_if:u_bus|reg_latched[3]              ; enet_clk_div ; enet_clk_div ; 0.000        ; 0.000      ; 0.396      ;
; 0.246 ; eth_to_sdram_bridge:u_bridge|state.S_FETCH_PX0  ; eth_to_sdram_bridge:u_bridge|state.S_FETCH_PX1  ; enet_clk_div ; enet_clk_div ; 0.000        ; 0.000      ; 0.398      ;
+-------+-------------------------------------------------+-------------------------------------------------+--------------+--------------+--------------+------------+------------+


+------------------------------------------------------------------------------------------------------+
; Fast Model Minimum Pulse Width: 'CLOCK_50'                                                           ;
+--------+--------------+----------------+------------------+----------+------------+------------------+
; Slack  ; Actual Width ; Required Width ; Type             ; Clock    ; Clock Edge ; Target           ;
+--------+--------------+----------------+------------------+----------+------------+------------------+
; -1.222 ; 1.000        ; 2.222          ; Port Rate        ; CLOCK_50 ; Rise       ; CLOCK_50         ;
; -0.500 ; 0.500        ; 1.000          ; High Pulse Width ; CLOCK_50 ; Rise       ; enet_clk_div     ;
; -0.500 ; 0.500        ; 1.000          ; Low Pulse Width  ; CLOCK_50 ; Rise       ; enet_clk_div     ;
; 0.500  ; 0.500        ; 0.000          ; High Pulse Width ; CLOCK_50 ; Rise       ; CLOCK_50|combout ;
; 0.500  ; 0.500        ; 0.000          ; Low Pulse Width  ; CLOCK_50 ; Rise       ; CLOCK_50|combout ;
; 0.500  ; 0.500        ; 0.000          ; High Pulse Width ; CLOCK_50 ; Rise       ; enet_clk_div|clk ;
; 0.500  ; 0.500        ; 0.000          ; Low Pulse Width  ; CLOCK_50 ; Rise       ; enet_clk_div|clk ;
+--------+--------------+----------------+------------------+----------+------------+------------------+


+----------------------------------------------------------------------------------------------------------------------------+
; Fast Model Minimum Pulse Width: 'enet_clk_div'                                                                             ;
+--------+--------------+----------------+------------------+--------------+------------+------------------------------------+
; Slack  ; Actual Width ; Required Width ; Type             ; Clock        ; Clock Edge ; Target                             ;
+--------+--------------+----------------+------------------+--------------+------------+------------------------------------+
; -0.500 ; 0.500        ; 1.000          ; High Pulse Width ; enet_clk_div ; Rise       ; dm9000_bus_if:u_bus|ENET_CMD       ;
; -0.500 ; 0.500        ; 1.000          ; Low Pulse Width  ; enet_clk_div ; Rise       ; dm9000_bus_if:u_bus|ENET_CMD       ;
; -0.500 ; 0.500        ; 1.000          ; High Pulse Width ; enet_clk_div ; Rise       ; dm9000_bus_if:u_bus|ENET_CS_N      ;
; -0.500 ; 0.500        ; 1.000          ; Low Pulse Width  ; enet_clk_div ; Rise       ; dm9000_bus_if:u_bus|ENET_CS_N      ;
; -0.500 ; 0.500        ; 1.000          ; High Pulse Width ; enet_clk_div ; Rise       ; dm9000_bus_if:u_bus|ENET_RD_N      ;
; -0.500 ; 0.500        ; 1.000          ; Low Pulse Width  ; enet_clk_div ; Rise       ; dm9000_bus_if:u_bus|ENET_RD_N      ;
; -0.500 ; 0.500        ; 1.000          ; High Pulse Width ; enet_clk_div ; Rise       ; dm9000_bus_if:u_bus|ENET_RST_N     ;
; -0.500 ; 0.500        ; 1.000          ; Low Pulse Width  ; enet_clk_div ; Rise       ; dm9000_bus_if:u_bus|ENET_RST_N     ;
; -0.500 ; 0.500        ; 1.000          ; High Pulse Width ; enet_clk_div ; Rise       ; dm9000_bus_if:u_bus|ENET_WR_N      ;
; -0.500 ; 0.500        ; 1.000          ; Low Pulse Width  ; enet_clk_div ; Rise       ; dm9000_bus_if:u_bus|ENET_WR_N      ;
; -0.500 ; 0.500        ; 1.000          ; High Pulse Width ; enet_clk_div ; Rise       ; dm9000_bus_if:u_bus|cmd_latched[0] ;
; -0.500 ; 0.500        ; 1.000          ; Low Pulse Width  ; enet_clk_div ; Rise       ; dm9000_bus_if:u_bus|cmd_latched[0] ;
; -0.500 ; 0.500        ; 1.000          ; High Pulse Width ; enet_clk_div ; Rise       ; dm9000_bus_if:u_bus|data_oe        ;
; -0.500 ; 0.500        ; 1.000          ; Low Pulse Width  ; enet_clk_div ; Rise       ; dm9000_bus_if:u_bus|data_oe        ;
; -0.500 ; 0.500        ; 1.000          ; High Pulse Width ; enet_clk_div ; Rise       ; dm9000_bus_if:u_bus|data_out[0]    ;
; -0.500 ; 0.500        ; 1.000          ; Low Pulse Width  ; enet_clk_div ; Rise       ; dm9000_bus_if:u_bus|data_out[0]    ;
; -0.500 ; 0.500        ; 1.000          ; High Pulse Width ; enet_clk_div ; Rise       ; dm9000_bus_if:u_bus|data_out[1]    ;
; -0.500 ; 0.500        ; 1.000          ; Low Pulse Width  ; enet_clk_div ; Rise       ; dm9000_bus_if:u_bus|data_out[1]    ;
; -0.500 ; 0.500        ; 1.000          ; High Pulse Width ; enet_clk_div ; Rise       ; dm9000_bus_if:u_bus|data_out[2]    ;
; -0.500 ; 0.500        ; 1.000          ; Low Pulse Width  ; enet_clk_div ; Rise       ; dm9000_bus_if:u_bus|data_out[2]    ;
; -0.500 ; 0.500        ; 1.000          ; High Pulse Width ; enet_clk_div ; Rise       ; dm9000_bus_if:u_bus|data_out[3]    ;
; -0.500 ; 0.500        ; 1.000          ; Low Pulse Width  ; enet_clk_div ; Rise       ; dm9000_bus_if:u_bus|data_out[3]    ;
; -0.500 ; 0.500        ; 1.000          ; High Pulse Width ; enet_clk_div ; Rise       ; dm9000_bus_if:u_bus|data_out[4]    ;
; -0.500 ; 0.500        ; 1.000          ; Low Pulse Width  ; enet_clk_div ; Rise       ; dm9000_bus_if:u_bus|data_out[4]    ;
; -0.500 ; 0.500        ; 1.000          ; High Pulse Width ; enet_clk_div ; Rise       ; dm9000_bus_if:u_bus|data_out[5]    ;
; -0.500 ; 0.500        ; 1.000          ; Low Pulse Width  ; enet_clk_div ; Rise       ; dm9000_bus_if:u_bus|data_out[5]    ;
; -0.500 ; 0.500        ; 1.000          ; High Pulse Width ; enet_clk_div ; Rise       ; dm9000_bus_if:u_bus|data_out[6]    ;
; -0.500 ; 0.500        ; 1.000          ; Low Pulse Width  ; enet_clk_div ; Rise       ; dm9000_bus_if:u_bus|data_out[6]    ;
; -0.500 ; 0.500        ; 1.000          ; High Pulse Width ; enet_clk_div ; Rise       ; dm9000_bus_if:u_bus|data_out[7]    ;
; -0.500 ; 0.500        ; 1.000          ; Low Pulse Width  ; enet_clk_div ; Rise       ; dm9000_bus_if:u_bus|data_out[7]    ;
; -0.500 ; 0.500        ; 1.000          ; High Pulse Width ; enet_clk_div ; Rise       ; dm9000_bus_if:u_bus|reg_latched[0] ;
; -0.500 ; 0.500        ; 1.000          ; Low Pulse Width  ; enet_clk_div ; Rise       ; dm9000_bus_if:u_bus|reg_latched[0] ;
; -0.500 ; 0.500        ; 1.000          ; High Pulse Width ; enet_clk_div ; Rise       ; dm9000_bus_if:u_bus|reg_latched[1] ;
; -0.500 ; 0.500        ; 1.000          ; Low Pulse Width  ; enet_clk_div ; Rise       ; dm9000_bus_if:u_bus|reg_latched[1] ;
; -0.500 ; 0.500        ; 1.000          ; High Pulse Width ; enet_clk_div ; Rise       ; dm9000_bus_if:u_bus|reg_latched[2] ;
; -0.500 ; 0.500        ; 1.000          ; Low Pulse Width  ; enet_clk_div ; Rise       ; dm9000_bus_if:u_bus|reg_latched[2] ;
; -0.500 ; 0.500        ; 1.000          ; High Pulse Width ; enet_clk_div ; Rise       ; dm9000_bus_if:u_bus|reg_latched[3] ;
; -0.500 ; 0.500        ; 1.000          ; Low Pulse Width  ; enet_clk_div ; Rise       ; dm9000_bus_if:u_bus|reg_latched[3] ;
; -0.500 ; 0.500        ; 1.000          ; High Pulse Width ; enet_clk_div ; Rise       ; dm9000_bus_if:u_bus|reg_latched[4] ;
; -0.500 ; 0.500        ; 1.000          ; Low Pulse Width  ; enet_clk_div ; Rise       ; dm9000_bus_if:u_bus|reg_latched[4] ;
; -0.500 ; 0.500        ; 1.000          ; High Pulse Width ; enet_clk_div ; Rise       ; dm9000_bus_if:u_bus|reg_latched[5] ;
; -0.500 ; 0.500        ; 1.000          ; Low Pulse Width  ; enet_clk_div ; Rise       ; dm9000_bus_if:u_bus|reg_latched[5] ;
; -0.500 ; 0.500        ; 1.000          ; High Pulse Width ; enet_clk_div ; Rise       ; dm9000_bus_if:u_bus|reg_latched[6] ;
; -0.500 ; 0.500        ; 1.000          ; Low Pulse Width  ; enet_clk_div ; Rise       ; dm9000_bus_if:u_bus|reg_latched[6] ;
; -0.500 ; 0.500        ; 1.000          ; High Pulse Width ; enet_clk_div ; Rise       ; dm9000_bus_if:u_bus|req_ready      ;
; -0.500 ; 0.500        ; 1.000          ; Low Pulse Width  ; enet_clk_div ; Rise       ; dm9000_bus_if:u_bus|req_ready      ;
; -0.500 ; 0.500        ; 1.000          ; High Pulse Width ; enet_clk_div ; Rise       ; dm9000_bus_if:u_bus|reset_cnt[0]   ;
; -0.500 ; 0.500        ; 1.000          ; Low Pulse Width  ; enet_clk_div ; Rise       ; dm9000_bus_if:u_bus|reset_cnt[0]   ;
; -0.500 ; 0.500        ; 1.000          ; High Pulse Width ; enet_clk_div ; Rise       ; dm9000_bus_if:u_bus|reset_cnt[10]  ;
; -0.500 ; 0.500        ; 1.000          ; Low Pulse Width  ; enet_clk_div ; Rise       ; dm9000_bus_if:u_bus|reset_cnt[10]  ;
; -0.500 ; 0.500        ; 1.000          ; High Pulse Width ; enet_clk_div ; Rise       ; dm9000_bus_if:u_bus|reset_cnt[11]  ;
; -0.500 ; 0.500        ; 1.000          ; Low Pulse Width  ; enet_clk_div ; Rise       ; dm9000_bus_if:u_bus|reset_cnt[11]  ;
; -0.500 ; 0.500        ; 1.000          ; High Pulse Width ; enet_clk_div ; Rise       ; dm9000_bus_if:u_bus|reset_cnt[12]  ;
; -0.500 ; 0.500        ; 1.000          ; Low Pulse Width  ; enet_clk_div ; Rise       ; dm9000_bus_if:u_bus|reset_cnt[12]  ;
; -0.500 ; 0.500        ; 1.000          ; High Pulse Width ; enet_clk_div ; Rise       ; dm9000_bus_if:u_bus|reset_cnt[13]  ;
; -0.500 ; 0.500        ; 1.000          ; Low Pulse Width  ; enet_clk_div ; Rise       ; dm9000_bus_if:u_bus|reset_cnt[13]  ;
; -0.500 ; 0.500        ; 1.000          ; High Pulse Width ; enet_clk_div ; Rise       ; dm9000_bus_if:u_bus|reset_cnt[14]  ;
; -0.500 ; 0.500        ; 1.000          ; Low Pulse Width  ; enet_clk_div ; Rise       ; dm9000_bus_if:u_bus|reset_cnt[14]  ;
; -0.500 ; 0.500        ; 1.000          ; High Pulse Width ; enet_clk_div ; Rise       ; dm9000_bus_if:u_bus|reset_cnt[15]  ;
; -0.500 ; 0.500        ; 1.000          ; Low Pulse Width  ; enet_clk_div ; Rise       ; dm9000_bus_if:u_bus|reset_cnt[15]  ;
; -0.500 ; 0.500        ; 1.000          ; High Pulse Width ; enet_clk_div ; Rise       ; dm9000_bus_if:u_bus|reset_cnt[1]   ;
; -0.500 ; 0.500        ; 1.000          ; Low Pulse Width  ; enet_clk_div ; Rise       ; dm9000_bus_if:u_bus|reset_cnt[1]   ;
; -0.500 ; 0.500        ; 1.000          ; High Pulse Width ; enet_clk_div ; Rise       ; dm9000_bus_if:u_bus|reset_cnt[2]   ;
; -0.500 ; 0.500        ; 1.000          ; Low Pulse Width  ; enet_clk_div ; Rise       ; dm9000_bus_if:u_bus|reset_cnt[2]   ;
; -0.500 ; 0.500        ; 1.000          ; High Pulse Width ; enet_clk_div ; Rise       ; dm9000_bus_if:u_bus|reset_cnt[3]   ;
; -0.500 ; 0.500        ; 1.000          ; Low Pulse Width  ; enet_clk_div ; Rise       ; dm9000_bus_if:u_bus|reset_cnt[3]   ;
; -0.500 ; 0.500        ; 1.000          ; High Pulse Width ; enet_clk_div ; Rise       ; dm9000_bus_if:u_bus|reset_cnt[4]   ;
; -0.500 ; 0.500        ; 1.000          ; Low Pulse Width  ; enet_clk_div ; Rise       ; dm9000_bus_if:u_bus|reset_cnt[4]   ;
; -0.500 ; 0.500        ; 1.000          ; High Pulse Width ; enet_clk_div ; Rise       ; dm9000_bus_if:u_bus|reset_cnt[5]   ;
; -0.500 ; 0.500        ; 1.000          ; Low Pulse Width  ; enet_clk_div ; Rise       ; dm9000_bus_if:u_bus|reset_cnt[5]   ;
; -0.500 ; 0.500        ; 1.000          ; High Pulse Width ; enet_clk_div ; Rise       ; dm9000_bus_if:u_bus|reset_cnt[6]   ;
; -0.500 ; 0.500        ; 1.000          ; Low Pulse Width  ; enet_clk_div ; Rise       ; dm9000_bus_if:u_bus|reset_cnt[6]   ;
; -0.500 ; 0.500        ; 1.000          ; High Pulse Width ; enet_clk_div ; Rise       ; dm9000_bus_if:u_bus|reset_cnt[7]   ;
; -0.500 ; 0.500        ; 1.000          ; Low Pulse Width  ; enet_clk_div ; Rise       ; dm9000_bus_if:u_bus|reset_cnt[7]   ;
; -0.500 ; 0.500        ; 1.000          ; High Pulse Width ; enet_clk_div ; Rise       ; dm9000_bus_if:u_bus|reset_cnt[8]   ;
; -0.500 ; 0.500        ; 1.000          ; Low Pulse Width  ; enet_clk_div ; Rise       ; dm9000_bus_if:u_bus|reset_cnt[8]   ;
; -0.500 ; 0.500        ; 1.000          ; High Pulse Width ; enet_clk_div ; Rise       ; dm9000_bus_if:u_bus|reset_cnt[9]   ;
; -0.500 ; 0.500        ; 1.000          ; Low Pulse Width  ; enet_clk_div ; Rise       ; dm9000_bus_if:u_bus|reset_cnt[9]   ;
; -0.500 ; 0.500        ; 1.000          ; High Pulse Width ; enet_clk_div ; Rise       ; dm9000_bus_if:u_bus|rsp_rdata[0]   ;
; -0.500 ; 0.500        ; 1.000          ; Low Pulse Width  ; enet_clk_div ; Rise       ; dm9000_bus_if:u_bus|rsp_rdata[0]   ;
; -0.500 ; 0.500        ; 1.000          ; High Pulse Width ; enet_clk_div ; Rise       ; dm9000_bus_if:u_bus|rsp_rdata[10]  ;
; -0.500 ; 0.500        ; 1.000          ; Low Pulse Width  ; enet_clk_div ; Rise       ; dm9000_bus_if:u_bus|rsp_rdata[10]  ;
; -0.500 ; 0.500        ; 1.000          ; High Pulse Width ; enet_clk_div ; Rise       ; dm9000_bus_if:u_bus|rsp_rdata[11]  ;
; -0.500 ; 0.500        ; 1.000          ; Low Pulse Width  ; enet_clk_div ; Rise       ; dm9000_bus_if:u_bus|rsp_rdata[11]  ;
; -0.500 ; 0.500        ; 1.000          ; High Pulse Width ; enet_clk_div ; Rise       ; dm9000_bus_if:u_bus|rsp_rdata[12]  ;
; -0.500 ; 0.500        ; 1.000          ; Low Pulse Width  ; enet_clk_div ; Rise       ; dm9000_bus_if:u_bus|rsp_rdata[12]  ;
; -0.500 ; 0.500        ; 1.000          ; High Pulse Width ; enet_clk_div ; Rise       ; dm9000_bus_if:u_bus|rsp_rdata[13]  ;
; -0.500 ; 0.500        ; 1.000          ; Low Pulse Width  ; enet_clk_div ; Rise       ; dm9000_bus_if:u_bus|rsp_rdata[13]  ;
; -0.500 ; 0.500        ; 1.000          ; High Pulse Width ; enet_clk_div ; Rise       ; dm9000_bus_if:u_bus|rsp_rdata[14]  ;
; -0.500 ; 0.500        ; 1.000          ; Low Pulse Width  ; enet_clk_div ; Rise       ; dm9000_bus_if:u_bus|rsp_rdata[14]  ;
; -0.500 ; 0.500        ; 1.000          ; High Pulse Width ; enet_clk_div ; Rise       ; dm9000_bus_if:u_bus|rsp_rdata[15]  ;
; -0.500 ; 0.500        ; 1.000          ; Low Pulse Width  ; enet_clk_div ; Rise       ; dm9000_bus_if:u_bus|rsp_rdata[15]  ;
; -0.500 ; 0.500        ; 1.000          ; High Pulse Width ; enet_clk_div ; Rise       ; dm9000_bus_if:u_bus|rsp_rdata[1]   ;
; -0.500 ; 0.500        ; 1.000          ; Low Pulse Width  ; enet_clk_div ; Rise       ; dm9000_bus_if:u_bus|rsp_rdata[1]   ;
; -0.500 ; 0.500        ; 1.000          ; High Pulse Width ; enet_clk_div ; Rise       ; dm9000_bus_if:u_bus|rsp_rdata[2]   ;
; -0.500 ; 0.500        ; 1.000          ; Low Pulse Width  ; enet_clk_div ; Rise       ; dm9000_bus_if:u_bus|rsp_rdata[2]   ;
; -0.500 ; 0.500        ; 1.000          ; High Pulse Width ; enet_clk_div ; Rise       ; dm9000_bus_if:u_bus|rsp_rdata[3]   ;
; -0.500 ; 0.500        ; 1.000          ; Low Pulse Width  ; enet_clk_div ; Rise       ; dm9000_bus_if:u_bus|rsp_rdata[3]   ;
; -0.500 ; 0.500        ; 1.000          ; High Pulse Width ; enet_clk_div ; Rise       ; dm9000_bus_if:u_bus|rsp_rdata[4]   ;
; -0.500 ; 0.500        ; 1.000          ; Low Pulse Width  ; enet_clk_div ; Rise       ; dm9000_bus_if:u_bus|rsp_rdata[4]   ;
+--------+--------------+----------------+------------------+--------------+------------+------------------------------------+


+------------------------------------------------------------------------------+
; Setup Times                                                                  ;
+----------------+--------------+-------+-------+------------+-----------------+
; Data Port      ; Clock Port   ; Rise  ; Fall  ; Clock Edge ; Clock Reference ;
+----------------+--------------+-------+-------+------------+-----------------+
; DRAM_DQ[*]     ; enet_clk_div ; 1.842 ; 1.842 ; Rise       ; enet_clk_div    ;
;  DRAM_DQ[0]    ; enet_clk_div ; 1.732 ; 1.732 ; Rise       ; enet_clk_div    ;
;  DRAM_DQ[1]    ; enet_clk_div ; 1.689 ; 1.689 ; Rise       ; enet_clk_div    ;
;  DRAM_DQ[2]    ; enet_clk_div ; 1.624 ; 1.624 ; Rise       ; enet_clk_div    ;
;  DRAM_DQ[3]    ; enet_clk_div ; 1.729 ; 1.729 ; Rise       ; enet_clk_div    ;
;  DRAM_DQ[4]    ; enet_clk_div ; 1.624 ; 1.624 ; Rise       ; enet_clk_div    ;
;  DRAM_DQ[5]    ; enet_clk_div ; 1.616 ; 1.616 ; Rise       ; enet_clk_div    ;
;  DRAM_DQ[6]    ; enet_clk_div ; 1.842 ; 1.842 ; Rise       ; enet_clk_div    ;
;  DRAM_DQ[7]    ; enet_clk_div ; 1.766 ; 1.766 ; Rise       ; enet_clk_div    ;
;  DRAM_DQ[8]    ; enet_clk_div ; 1.628 ; 1.628 ; Rise       ; enet_clk_div    ;
;  DRAM_DQ[9]    ; enet_clk_div ; 1.801 ; 1.801 ; Rise       ; enet_clk_div    ;
;  DRAM_DQ[10]   ; enet_clk_div ; 1.597 ; 1.597 ; Rise       ; enet_clk_div    ;
;  DRAM_DQ[11]   ; enet_clk_div ; 1.589 ; 1.589 ; Rise       ; enet_clk_div    ;
;  DRAM_DQ[12]   ; enet_clk_div ; 1.664 ; 1.664 ; Rise       ; enet_clk_div    ;
;  DRAM_DQ[13]   ; enet_clk_div ; 1.788 ; 1.788 ; Rise       ; enet_clk_div    ;
;  DRAM_DQ[14]   ; enet_clk_div ; 1.735 ; 1.735 ; Rise       ; enet_clk_div    ;
;  DRAM_DQ[15]   ; enet_clk_div ; 1.650 ; 1.650 ; Rise       ; enet_clk_div    ;
; ENET_DATA[*]   ; enet_clk_div ; 2.034 ; 2.034 ; Rise       ; enet_clk_div    ;
;  ENET_DATA[0]  ; enet_clk_div ; 1.821 ; 1.821 ; Rise       ; enet_clk_div    ;
;  ENET_DATA[1]  ; enet_clk_div ; 1.808 ; 1.808 ; Rise       ; enet_clk_div    ;
;  ENET_DATA[2]  ; enet_clk_div ; 2.034 ; 2.034 ; Rise       ; enet_clk_div    ;
;  ENET_DATA[3]  ; enet_clk_div ; 1.839 ; 1.839 ; Rise       ; enet_clk_div    ;
;  ENET_DATA[4]  ; enet_clk_div ; 1.831 ; 1.831 ; Rise       ; enet_clk_div    ;
;  ENET_DATA[5]  ; enet_clk_div ; 1.937 ; 1.937 ; Rise       ; enet_clk_div    ;
;  ENET_DATA[6]  ; enet_clk_div ; 1.748 ; 1.748 ; Rise       ; enet_clk_div    ;
;  ENET_DATA[7]  ; enet_clk_div ; 1.797 ; 1.797 ; Rise       ; enet_clk_div    ;
;  ENET_DATA[8]  ; enet_clk_div ; 1.940 ; 1.940 ; Rise       ; enet_clk_div    ;
;  ENET_DATA[9]  ; enet_clk_div ; 1.863 ; 1.863 ; Rise       ; enet_clk_div    ;
;  ENET_DATA[10] ; enet_clk_div ; 1.850 ; 1.850 ; Rise       ; enet_clk_div    ;
;  ENET_DATA[11] ; enet_clk_div ; 1.836 ; 1.836 ; Rise       ; enet_clk_div    ;
;  ENET_DATA[12] ; enet_clk_div ; 1.731 ; 1.731 ; Rise       ; enet_clk_div    ;
;  ENET_DATA[13] ; enet_clk_div ; 1.831 ; 1.831 ; Rise       ; enet_clk_div    ;
;  ENET_DATA[14] ; enet_clk_div ; 1.756 ; 1.756 ; Rise       ; enet_clk_div    ;
;  ENET_DATA[15] ; enet_clk_div ; 1.888 ; 1.888 ; Rise       ; enet_clk_div    ;
; ENET_INT       ; enet_clk_div ; 2.349 ; 2.349 ; Rise       ; enet_clk_div    ;
+----------------+--------------+-------+-------+------------+-----------------+


+--------------------------------------------------------------------------------+
; Hold Times                                                                     ;
+----------------+--------------+--------+--------+------------+-----------------+
; Data Port      ; Clock Port   ; Rise   ; Fall   ; Clock Edge ; Clock Reference ;
+----------------+--------------+--------+--------+------------+-----------------+
; DRAM_DQ[*]     ; enet_clk_div ; -1.469 ; -1.469 ; Rise       ; enet_clk_div    ;
;  DRAM_DQ[0]    ; enet_clk_div ; -1.612 ; -1.612 ; Rise       ; enet_clk_div    ;
;  DRAM_DQ[1]    ; enet_clk_div ; -1.569 ; -1.569 ; Rise       ; enet_clk_div    ;
;  DRAM_DQ[2]    ; enet_clk_div ; -1.504 ; -1.504 ; Rise       ; enet_clk_div    ;
;  DRAM_DQ[3]    ; enet_clk_div ; -1.609 ; -1.609 ; Rise       ; enet_clk_div    ;
;  DRAM_DQ[4]    ; enet_clk_div ; -1.504 ; -1.504 ; Rise       ; enet_clk_div    ;
;  DRAM_DQ[5]    ; enet_clk_div ; -1.496 ; -1.496 ; Rise       ; enet_clk_div    ;
;  DRAM_DQ[6]    ; enet_clk_div ; -1.722 ; -1.722 ; Rise       ; enet_clk_div    ;
;  DRAM_DQ[7]    ; enet_clk_div ; -1.646 ; -1.646 ; Rise       ; enet_clk_div    ;
;  DRAM_DQ[8]    ; enet_clk_div ; -1.508 ; -1.508 ; Rise       ; enet_clk_div    ;
;  DRAM_DQ[9]    ; enet_clk_div ; -1.681 ; -1.681 ; Rise       ; enet_clk_div    ;
;  DRAM_DQ[10]   ; enet_clk_div ; -1.477 ; -1.477 ; Rise       ; enet_clk_div    ;
;  DRAM_DQ[11]   ; enet_clk_div ; -1.469 ; -1.469 ; Rise       ; enet_clk_div    ;
;  DRAM_DQ[12]   ; enet_clk_div ; -1.544 ; -1.544 ; Rise       ; enet_clk_div    ;
;  DRAM_DQ[13]   ; enet_clk_div ; -1.668 ; -1.668 ; Rise       ; enet_clk_div    ;
;  DRAM_DQ[14]   ; enet_clk_div ; -1.615 ; -1.615 ; Rise       ; enet_clk_div    ;
;  DRAM_DQ[15]   ; enet_clk_div ; -1.530 ; -1.530 ; Rise       ; enet_clk_div    ;
; ENET_DATA[*]   ; enet_clk_div ; -1.611 ; -1.611 ; Rise       ; enet_clk_div    ;
;  ENET_DATA[0]  ; enet_clk_div ; -1.701 ; -1.701 ; Rise       ; enet_clk_div    ;
;  ENET_DATA[1]  ; enet_clk_div ; -1.688 ; -1.688 ; Rise       ; enet_clk_div    ;
;  ENET_DATA[2]  ; enet_clk_div ; -1.914 ; -1.914 ; Rise       ; enet_clk_div    ;
;  ENET_DATA[3]  ; enet_clk_div ; -1.719 ; -1.719 ; Rise       ; enet_clk_div    ;
;  ENET_DATA[4]  ; enet_clk_div ; -1.711 ; -1.711 ; Rise       ; enet_clk_div    ;
;  ENET_DATA[5]  ; enet_clk_div ; -1.817 ; -1.817 ; Rise       ; enet_clk_div    ;
;  ENET_DATA[6]  ; enet_clk_div ; -1.628 ; -1.628 ; Rise       ; enet_clk_div    ;
;  ENET_DATA[7]  ; enet_clk_div ; -1.677 ; -1.677 ; Rise       ; enet_clk_div    ;
;  ENET_DATA[8]  ; enet_clk_div ; -1.820 ; -1.820 ; Rise       ; enet_clk_div    ;
;  ENET_DATA[9]  ; enet_clk_div ; -1.743 ; -1.743 ; Rise       ; enet_clk_div    ;
;  ENET_DATA[10] ; enet_clk_div ; -1.730 ; -1.730 ; Rise       ; enet_clk_div    ;
;  ENET_DATA[11] ; enet_clk_div ; -1.716 ; -1.716 ; Rise       ; enet_clk_div    ;
;  ENET_DATA[12] ; enet_clk_div ; -1.611 ; -1.611 ; Rise       ; enet_clk_div    ;
;  ENET_DATA[13] ; enet_clk_div ; -1.711 ; -1.711 ; Rise       ; enet_clk_div    ;
;  ENET_DATA[14] ; enet_clk_div ; -1.636 ; -1.636 ; Rise       ; enet_clk_div    ;
;  ENET_DATA[15] ; enet_clk_div ; -1.768 ; -1.768 ; Rise       ; enet_clk_div    ;
; ENET_INT       ; enet_clk_div ; -1.863 ; -1.863 ; Rise       ; enet_clk_div    ;
+----------------+--------------+--------+--------+------------+-----------------+


+------------------------------------------------------------------------------+
; Clock to Output Times                                                        ;
+----------------+--------------+-------+-------+------------+-----------------+
; Data Port      ; Clock Port   ; Rise  ; Fall  ; Clock Edge ; Clock Reference ;
+----------------+--------------+-------+-------+------------+-----------------+
; DRAM_ADDR[*]   ; enet_clk_div ; 4.581 ; 4.581 ; Rise       ; enet_clk_div    ;
;  DRAM_ADDR[0]  ; enet_clk_div ; 4.268 ; 4.268 ; Rise       ; enet_clk_div    ;
;  DRAM_ADDR[1]  ; enet_clk_div ; 4.240 ; 4.240 ; Rise       ; enet_clk_div    ;
;  DRAM_ADDR[2]  ; enet_clk_div ; 4.180 ; 4.180 ; Rise       ; enet_clk_div    ;
;  DRAM_ADDR[3]  ; enet_clk_div ; 4.219 ; 4.219 ; Rise       ; enet_clk_div    ;
;  DRAM_ADDR[4]  ; enet_clk_div ; 4.581 ; 4.581 ; Rise       ; enet_clk_div    ;
;  DRAM_ADDR[5]  ; enet_clk_div ; 4.306 ; 4.306 ; Rise       ; enet_clk_div    ;
;  DRAM_ADDR[6]  ; enet_clk_div ; 3.971 ; 3.971 ; Rise       ; enet_clk_div    ;
;  DRAM_ADDR[7]  ; enet_clk_div ; 4.335 ; 4.335 ; Rise       ; enet_clk_div    ;
;  DRAM_ADDR[8]  ; enet_clk_div ; 3.884 ; 3.884 ; Rise       ; enet_clk_div    ;
;  DRAM_ADDR[9]  ; enet_clk_div ; 4.472 ; 4.472 ; Rise       ; enet_clk_div    ;
;  DRAM_ADDR[10] ; enet_clk_div ; 3.885 ; 3.885 ; Rise       ; enet_clk_div    ;
;  DRAM_ADDR[11] ; enet_clk_div ; 3.980 ; 3.980 ; Rise       ; enet_clk_div    ;
; DRAM_BA_0      ; enet_clk_div ; 3.918 ; 3.918 ; Rise       ; enet_clk_div    ;
; DRAM_BA_1      ; enet_clk_div ; 3.892 ; 3.892 ; Rise       ; enet_clk_div    ;
; DRAM_CAS_N     ; enet_clk_div ; 4.224 ; 4.224 ; Rise       ; enet_clk_div    ;
; DRAM_CKE       ; enet_clk_div ; 3.909 ; 3.909 ; Rise       ; enet_clk_div    ;
; DRAM_CLK       ; enet_clk_div ;       ; 1.847 ; Rise       ; enet_clk_div    ;
; DRAM_DQ[*]     ; enet_clk_div ; 4.026 ; 4.026 ; Rise       ; enet_clk_div    ;
;  DRAM_DQ[0]    ; enet_clk_div ; 3.910 ; 3.910 ; Rise       ; enet_clk_div    ;
;  DRAM_DQ[1]    ; enet_clk_div ; 3.863 ; 3.863 ; Rise       ; enet_clk_div    ;
;  DRAM_DQ[2]    ; enet_clk_div ; 3.807 ; 3.807 ; Rise       ; enet_clk_div    ;
;  DRAM_DQ[3]    ; enet_clk_div ; 3.907 ; 3.907 ; Rise       ; enet_clk_div    ;
;  DRAM_DQ[4]    ; enet_clk_div ; 3.808 ; 3.808 ; Rise       ; enet_clk_div    ;
;  DRAM_DQ[5]    ; enet_clk_div ; 3.799 ; 3.799 ; Rise       ; enet_clk_div    ;
;  DRAM_DQ[6]    ; enet_clk_div ; 4.026 ; 4.026 ; Rise       ; enet_clk_div    ;
;  DRAM_DQ[7]    ; enet_clk_div ; 3.923 ; 3.923 ; Rise       ; enet_clk_div    ;
;  DRAM_DQ[8]    ; enet_clk_div ; 3.798 ; 3.798 ; Rise       ; enet_clk_div    ;
;  DRAM_DQ[9]    ; enet_clk_div ; 3.906 ; 3.906 ; Rise       ; enet_clk_div    ;
;  DRAM_DQ[10]   ; enet_clk_div ; 3.777 ; 3.777 ; Rise       ; enet_clk_div    ;
;  DRAM_DQ[11]   ; enet_clk_div ; 3.886 ; 3.886 ; Rise       ; enet_clk_div    ;
;  DRAM_DQ[12]   ; enet_clk_div ; 3.839 ; 3.839 ; Rise       ; enet_clk_div    ;
;  DRAM_DQ[13]   ; enet_clk_div ; 3.916 ; 3.916 ; Rise       ; enet_clk_div    ;
;  DRAM_DQ[14]   ; enet_clk_div ; 3.921 ; 3.921 ; Rise       ; enet_clk_div    ;
;  DRAM_DQ[15]   ; enet_clk_div ; 3.826 ; 3.826 ; Rise       ; enet_clk_div    ;
; DRAM_LDQM      ; enet_clk_div ; 4.217 ; 4.217 ; Rise       ; enet_clk_div    ;
; DRAM_RAS_N     ; enet_clk_div ; 4.259 ; 4.259 ; Rise       ; enet_clk_div    ;
; DRAM_UDQM      ; enet_clk_div ; 4.217 ; 4.217 ; Rise       ; enet_clk_div    ;
; DRAM_WE_N      ; enet_clk_div ; 4.226 ; 4.226 ; Rise       ; enet_clk_div    ;
; ENET_CLK       ; enet_clk_div ; 1.847 ;       ; Rise       ; enet_clk_div    ;
; ENET_CMD       ; enet_clk_div ; 3.875 ; 3.875 ; Rise       ; enet_clk_div    ;
; ENET_CS_N      ; enet_clk_div ; 3.887 ; 3.887 ; Rise       ; enet_clk_div    ;
; ENET_DATA[*]   ; enet_clk_div ; 3.886 ; 3.886 ; Rise       ; enet_clk_div    ;
;  ENET_DATA[0]  ; enet_clk_div ; 3.875 ; 3.875 ; Rise       ; enet_clk_div    ;
;  ENET_DATA[1]  ; enet_clk_div ; 3.767 ; 3.767 ; Rise       ; enet_clk_div    ;
;  ENET_DATA[2]  ; enet_clk_div ; 3.777 ; 3.777 ; Rise       ; enet_clk_div    ;
;  ENET_DATA[3]  ; enet_clk_div ; 3.886 ; 3.886 ; Rise       ; enet_clk_div    ;
;  ENET_DATA[4]  ; enet_clk_div ; 3.878 ; 3.878 ; Rise       ; enet_clk_div    ;
;  ENET_DATA[5]  ; enet_clk_div ; 3.885 ; 3.885 ; Rise       ; enet_clk_div    ;
;  ENET_DATA[6]  ; enet_clk_div ; 3.774 ; 3.774 ; Rise       ; enet_clk_div    ;
;  ENET_DATA[7]  ; enet_clk_div ; 3.757 ; 3.757 ; Rise       ; enet_clk_div    ;
; ENET_RD_N      ; enet_clk_div ; 3.990 ; 3.990 ; Rise       ; enet_clk_div    ;
; ENET_RST_N     ; enet_clk_div ; 4.105 ; 4.105 ; Rise       ; enet_clk_div    ;
; ENET_WR_N      ; enet_clk_div ; 3.992 ; 3.992 ; Rise       ; enet_clk_div    ;
; LEDG[*]        ; enet_clk_div ; 4.779 ; 4.779 ; Rise       ; enet_clk_div    ;
;  LEDG[0]       ; enet_clk_div ; 4.009 ; 4.009 ; Rise       ; enet_clk_div    ;
;  LEDG[1]       ; enet_clk_div ; 4.110 ; 4.110 ; Rise       ; enet_clk_div    ;
;  LEDG[2]       ; enet_clk_div ; 4.074 ; 4.074 ; Rise       ; enet_clk_div    ;
;  LEDG[3]       ; enet_clk_div ; 3.917 ; 3.917 ; Rise       ; enet_clk_div    ;
;  LEDG[4]       ; enet_clk_div ; 4.207 ; 4.207 ; Rise       ; enet_clk_div    ;
;  LEDG[5]       ; enet_clk_div ; 3.891 ; 3.891 ; Rise       ; enet_clk_div    ;
;  LEDG[6]       ; enet_clk_div ; 4.105 ; 4.105 ; Rise       ; enet_clk_div    ;
;  LEDG[7]       ; enet_clk_div ; 4.779 ; 4.779 ; Rise       ; enet_clk_div    ;
;  LEDG[8]       ; enet_clk_div ; 4.012 ; 4.012 ; Rise       ; enet_clk_div    ;
; DRAM_CLK       ; enet_clk_div ; 1.847 ;       ; Fall       ; enet_clk_div    ;
; ENET_CLK       ; enet_clk_div ;       ; 1.847 ; Fall       ; enet_clk_div    ;
+----------------+--------------+-------+-------+------------+-----------------+


+------------------------------------------------------------------------------+
; Minimum Clock to Output Times                                                ;
+----------------+--------------+-------+-------+------------+-----------------+
; Data Port      ; Clock Port   ; Rise  ; Fall  ; Clock Edge ; Clock Reference ;
+----------------+--------------+-------+-------+------------+-----------------+
; DRAM_ADDR[*]   ; enet_clk_div ; 3.884 ; 3.884 ; Rise       ; enet_clk_div    ;
;  DRAM_ADDR[0]  ; enet_clk_div ; 4.268 ; 4.268 ; Rise       ; enet_clk_div    ;
;  DRAM_ADDR[1]  ; enet_clk_div ; 4.240 ; 4.240 ; Rise       ; enet_clk_div    ;
;  DRAM_ADDR[2]  ; enet_clk_div ; 4.180 ; 4.180 ; Rise       ; enet_clk_div    ;
;  DRAM_ADDR[3]  ; enet_clk_div ; 4.219 ; 4.219 ; Rise       ; enet_clk_div    ;
;  DRAM_ADDR[4]  ; enet_clk_div ; 4.581 ; 4.581 ; Rise       ; enet_clk_div    ;
;  DRAM_ADDR[5]  ; enet_clk_div ; 4.306 ; 4.306 ; Rise       ; enet_clk_div    ;
;  DRAM_ADDR[6]  ; enet_clk_div ; 3.971 ; 3.971 ; Rise       ; enet_clk_div    ;
;  DRAM_ADDR[7]  ; enet_clk_div ; 4.335 ; 4.335 ; Rise       ; enet_clk_div    ;
;  DRAM_ADDR[8]  ; enet_clk_div ; 3.884 ; 3.884 ; Rise       ; enet_clk_div    ;
;  DRAM_ADDR[9]  ; enet_clk_div ; 4.472 ; 4.472 ; Rise       ; enet_clk_div    ;
;  DRAM_ADDR[10] ; enet_clk_div ; 3.885 ; 3.885 ; Rise       ; enet_clk_div    ;
;  DRAM_ADDR[11] ; enet_clk_div ; 3.980 ; 3.980 ; Rise       ; enet_clk_div    ;
; DRAM_BA_0      ; enet_clk_div ; 3.918 ; 3.918 ; Rise       ; enet_clk_div    ;
; DRAM_BA_1      ; enet_clk_div ; 3.892 ; 3.892 ; Rise       ; enet_clk_div    ;
; DRAM_CAS_N     ; enet_clk_div ; 4.224 ; 4.224 ; Rise       ; enet_clk_div    ;
; DRAM_CKE       ; enet_clk_div ; 3.909 ; 3.909 ; Rise       ; enet_clk_div    ;
; DRAM_CLK       ; enet_clk_div ;       ; 1.847 ; Rise       ; enet_clk_div    ;
; DRAM_DQ[*]     ; enet_clk_div ; 3.777 ; 3.777 ; Rise       ; enet_clk_div    ;
;  DRAM_DQ[0]    ; enet_clk_div ; 3.910 ; 3.910 ; Rise       ; enet_clk_div    ;
;  DRAM_DQ[1]    ; enet_clk_div ; 3.863 ; 3.863 ; Rise       ; enet_clk_div    ;
;  DRAM_DQ[2]    ; enet_clk_div ; 3.807 ; 3.807 ; Rise       ; enet_clk_div    ;
;  DRAM_DQ[3]    ; enet_clk_div ; 3.907 ; 3.907 ; Rise       ; enet_clk_div    ;
;  DRAM_DQ[4]    ; enet_clk_div ; 3.808 ; 3.808 ; Rise       ; enet_clk_div    ;
;  DRAM_DQ[5]    ; enet_clk_div ; 3.799 ; 3.799 ; Rise       ; enet_clk_div    ;
;  DRAM_DQ[6]    ; enet_clk_div ; 4.026 ; 4.026 ; Rise       ; enet_clk_div    ;
;  DRAM_DQ[7]    ; enet_clk_div ; 3.923 ; 3.923 ; Rise       ; enet_clk_div    ;
;  DRAM_DQ[8]    ; enet_clk_div ; 3.798 ; 3.798 ; Rise       ; enet_clk_div    ;
;  DRAM_DQ[9]    ; enet_clk_div ; 3.906 ; 3.906 ; Rise       ; enet_clk_div    ;
;  DRAM_DQ[10]   ; enet_clk_div ; 3.777 ; 3.777 ; Rise       ; enet_clk_div    ;
;  DRAM_DQ[11]   ; enet_clk_div ; 3.886 ; 3.886 ; Rise       ; enet_clk_div    ;
;  DRAM_DQ[12]   ; enet_clk_div ; 3.839 ; 3.839 ; Rise       ; enet_clk_div    ;
;  DRAM_DQ[13]   ; enet_clk_div ; 3.916 ; 3.916 ; Rise       ; enet_clk_div    ;
;  DRAM_DQ[14]   ; enet_clk_div ; 3.921 ; 3.921 ; Rise       ; enet_clk_div    ;
;  DRAM_DQ[15]   ; enet_clk_div ; 3.826 ; 3.826 ; Rise       ; enet_clk_div    ;
; DRAM_LDQM      ; enet_clk_div ; 4.217 ; 4.217 ; Rise       ; enet_clk_div    ;
; DRAM_RAS_N     ; enet_clk_div ; 4.259 ; 4.259 ; Rise       ; enet_clk_div    ;
; DRAM_UDQM      ; enet_clk_div ; 4.217 ; 4.217 ; Rise       ; enet_clk_div    ;
; DRAM_WE_N      ; enet_clk_div ; 4.226 ; 4.226 ; Rise       ; enet_clk_div    ;
; ENET_CLK       ; enet_clk_div ; 1.847 ;       ; Rise       ; enet_clk_div    ;
; ENET_CMD       ; enet_clk_div ; 3.875 ; 3.875 ; Rise       ; enet_clk_div    ;
; ENET_CS_N      ; enet_clk_div ; 3.887 ; 3.887 ; Rise       ; enet_clk_div    ;
; ENET_DATA[*]   ; enet_clk_div ; 3.757 ; 3.757 ; Rise       ; enet_clk_div    ;
;  ENET_DATA[0]  ; enet_clk_div ; 3.875 ; 3.875 ; Rise       ; enet_clk_div    ;
;  ENET_DATA[1]  ; enet_clk_div ; 3.767 ; 3.767 ; Rise       ; enet_clk_div    ;
;  ENET_DATA[2]  ; enet_clk_div ; 3.777 ; 3.777 ; Rise       ; enet_clk_div    ;
;  ENET_DATA[3]  ; enet_clk_div ; 3.886 ; 3.886 ; Rise       ; enet_clk_div    ;
;  ENET_DATA[4]  ; enet_clk_div ; 3.878 ; 3.878 ; Rise       ; enet_clk_div    ;
;  ENET_DATA[5]  ; enet_clk_div ; 3.885 ; 3.885 ; Rise       ; enet_clk_div    ;
;  ENET_DATA[6]  ; enet_clk_div ; 3.774 ; 3.774 ; Rise       ; enet_clk_div    ;
;  ENET_DATA[7]  ; enet_clk_div ; 3.757 ; 3.757 ; Rise       ; enet_clk_div    ;
; ENET_RD_N      ; enet_clk_div ; 3.990 ; 3.990 ; Rise       ; enet_clk_div    ;
; ENET_RST_N     ; enet_clk_div ; 4.105 ; 4.105 ; Rise       ; enet_clk_div    ;
; ENET_WR_N      ; enet_clk_div ; 3.992 ; 3.992 ; Rise       ; enet_clk_div    ;
; LEDG[*]        ; enet_clk_div ; 3.891 ; 3.891 ; Rise       ; enet_clk_div    ;
;  LEDG[0]       ; enet_clk_div ; 4.009 ; 4.009 ; Rise       ; enet_clk_div    ;
;  LEDG[1]       ; enet_clk_div ; 4.110 ; 4.110 ; Rise       ; enet_clk_div    ;
;  LEDG[2]       ; enet_clk_div ; 4.074 ; 4.074 ; Rise       ; enet_clk_div    ;
;  LEDG[3]       ; enet_clk_div ; 3.917 ; 3.917 ; Rise       ; enet_clk_div    ;
;  LEDG[4]       ; enet_clk_div ; 4.207 ; 4.207 ; Rise       ; enet_clk_div    ;
;  LEDG[5]       ; enet_clk_div ; 3.891 ; 3.891 ; Rise       ; enet_clk_div    ;
;  LEDG[6]       ; enet_clk_div ; 4.105 ; 4.105 ; Rise       ; enet_clk_div    ;
;  LEDG[7]       ; enet_clk_div ; 4.705 ; 4.705 ; Rise       ; enet_clk_div    ;
;  LEDG[8]       ; enet_clk_div ; 4.012 ; 4.012 ; Rise       ; enet_clk_div    ;
; DRAM_CLK       ; enet_clk_div ; 1.847 ;       ; Fall       ; enet_clk_div    ;
; ENET_CLK       ; enet_clk_div ;       ; 1.847 ; Fall       ; enet_clk_div    ;
+----------------+--------------+-------+-------+------------+-----------------+


+-----------------------------------------------------------------------------+
; Output Enable Times                                                         ;
+----------------+--------------+-------+------+------------+-----------------+
; Data Port      ; Clock Port   ; Rise  ; Fall ; Clock Edge ; Clock Reference ;
+----------------+--------------+-------+------+------------+-----------------+
; DRAM_DQ[*]     ; enet_clk_div ; 3.771 ;      ; Rise       ; enet_clk_div    ;
;  DRAM_DQ[0]    ; enet_clk_div ; 4.026 ;      ; Rise       ; enet_clk_div    ;
;  DRAM_DQ[1]    ; enet_clk_div ; 3.856 ;      ; Rise       ; enet_clk_div    ;
;  DRAM_DQ[2]    ; enet_clk_div ; 3.887 ;      ; Rise       ; enet_clk_div    ;
;  DRAM_DQ[3]    ; enet_clk_div ; 4.026 ;      ; Rise       ; enet_clk_div    ;
;  DRAM_DQ[4]    ; enet_clk_div ; 3.887 ;      ; Rise       ; enet_clk_div    ;
;  DRAM_DQ[5]    ; enet_clk_div ; 3.771 ;      ; Rise       ; enet_clk_div    ;
;  DRAM_DQ[6]    ; enet_clk_div ; 4.045 ;      ; Rise       ; enet_clk_div    ;
;  DRAM_DQ[7]    ; enet_clk_div ; 4.045 ;      ; Rise       ; enet_clk_div    ;
;  DRAM_DQ[8]    ; enet_clk_div ; 3.771 ;      ; Rise       ; enet_clk_div    ;
;  DRAM_DQ[9]    ; enet_clk_div ; 4.025 ;      ; Rise       ; enet_clk_div    ;
;  DRAM_DQ[10]   ; enet_clk_div ; 3.866 ;      ; Rise       ; enet_clk_div    ;
;  DRAM_DQ[11]   ; enet_clk_div ; 4.005 ;      ; Rise       ; enet_clk_div    ;
;  DRAM_DQ[12]   ; enet_clk_div ; 3.926 ;      ; Rise       ; enet_clk_div    ;
;  DRAM_DQ[13]   ; enet_clk_div ; 4.036 ;      ; Rise       ; enet_clk_div    ;
;  DRAM_DQ[14]   ; enet_clk_div ; 4.036 ;      ; Rise       ; enet_clk_div    ;
;  DRAM_DQ[15]   ; enet_clk_div ; 3.916 ;      ; Rise       ; enet_clk_div    ;
; ENET_DATA[*]   ; enet_clk_div ; 3.752 ;      ; Rise       ; enet_clk_div    ;
;  ENET_DATA[0]  ; enet_clk_div ; 3.752 ;      ; Rise       ; enet_clk_div    ;
;  ENET_DATA[1]  ; enet_clk_div ; 3.846 ;      ; Rise       ; enet_clk_div    ;
;  ENET_DATA[2]  ; enet_clk_div ; 3.757 ;      ; Rise       ; enet_clk_div    ;
;  ENET_DATA[3]  ; enet_clk_div ; 3.777 ;      ; Rise       ; enet_clk_div    ;
;  ENET_DATA[4]  ; enet_clk_div ; 3.752 ;      ; Rise       ; enet_clk_div    ;
;  ENET_DATA[5]  ; enet_clk_div ; 3.777 ;      ; Rise       ; enet_clk_div    ;
;  ENET_DATA[6]  ; enet_clk_div ; 3.757 ;      ; Rise       ; enet_clk_div    ;
;  ENET_DATA[7]  ; enet_clk_div ; 3.836 ;      ; Rise       ; enet_clk_div    ;
;  ENET_DATA[8]  ; enet_clk_div ; 3.877 ;      ; Rise       ; enet_clk_div    ;
;  ENET_DATA[9]  ; enet_clk_div ; 3.877 ;      ; Rise       ; enet_clk_div    ;
;  ENET_DATA[10] ; enet_clk_div ; 3.876 ;      ; Rise       ; enet_clk_div    ;
;  ENET_DATA[11] ; enet_clk_div ; 3.960 ;      ; Rise       ; enet_clk_div    ;
;  ENET_DATA[12] ; enet_clk_div ; 3.894 ;      ; Rise       ; enet_clk_div    ;
;  ENET_DATA[13] ; enet_clk_div ; 3.886 ;      ; Rise       ; enet_clk_div    ;
;  ENET_DATA[14] ; enet_clk_div ; 3.894 ;      ; Rise       ; enet_clk_div    ;
;  ENET_DATA[15] ; enet_clk_div ; 3.960 ;      ; Rise       ; enet_clk_div    ;
+----------------+--------------+-------+------+------------+-----------------+


+-----------------------------------------------------------------------------+
; Minimum Output Enable Times                                                 ;
+----------------+--------------+-------+------+------------+-----------------+
; Data Port      ; Clock Port   ; Rise  ; Fall ; Clock Edge ; Clock Reference ;
+----------------+--------------+-------+------+------------+-----------------+
; DRAM_DQ[*]     ; enet_clk_div ; 3.771 ;      ; Rise       ; enet_clk_div    ;
;  DRAM_DQ[0]    ; enet_clk_div ; 4.026 ;      ; Rise       ; enet_clk_div    ;
;  DRAM_DQ[1]    ; enet_clk_div ; 3.856 ;      ; Rise       ; enet_clk_div    ;
;  DRAM_DQ[2]    ; enet_clk_div ; 3.887 ;      ; Rise       ; enet_clk_div    ;
;  DRAM_DQ[3]    ; enet_clk_div ; 4.026 ;      ; Rise       ; enet_clk_div    ;
;  DRAM_DQ[4]    ; enet_clk_div ; 3.887 ;      ; Rise       ; enet_clk_div    ;
;  DRAM_DQ[5]    ; enet_clk_div ; 3.771 ;      ; Rise       ; enet_clk_div    ;
;  DRAM_DQ[6]    ; enet_clk_div ; 4.045 ;      ; Rise       ; enet_clk_div    ;
;  DRAM_DQ[7]    ; enet_clk_div ; 4.045 ;      ; Rise       ; enet_clk_div    ;
;  DRAM_DQ[8]    ; enet_clk_div ; 3.771 ;      ; Rise       ; enet_clk_div    ;
;  DRAM_DQ[9]    ; enet_clk_div ; 4.025 ;      ; Rise       ; enet_clk_div    ;
;  DRAM_DQ[10]   ; enet_clk_div ; 3.866 ;      ; Rise       ; enet_clk_div    ;
;  DRAM_DQ[11]   ; enet_clk_div ; 4.005 ;      ; Rise       ; enet_clk_div    ;
;  DRAM_DQ[12]   ; enet_clk_div ; 3.926 ;      ; Rise       ; enet_clk_div    ;
;  DRAM_DQ[13]   ; enet_clk_div ; 4.036 ;      ; Rise       ; enet_clk_div    ;
;  DRAM_DQ[14]   ; enet_clk_div ; 4.036 ;      ; Rise       ; enet_clk_div    ;
;  DRAM_DQ[15]   ; enet_clk_div ; 3.916 ;      ; Rise       ; enet_clk_div    ;
; ENET_DATA[*]   ; enet_clk_div ; 3.752 ;      ; Rise       ; enet_clk_div    ;
;  ENET_DATA[0]  ; enet_clk_div ; 3.752 ;      ; Rise       ; enet_clk_div    ;
;  ENET_DATA[1]  ; enet_clk_div ; 3.846 ;      ; Rise       ; enet_clk_div    ;
;  ENET_DATA[2]  ; enet_clk_div ; 3.757 ;      ; Rise       ; enet_clk_div    ;
;  ENET_DATA[3]  ; enet_clk_div ; 3.777 ;      ; Rise       ; enet_clk_div    ;
;  ENET_DATA[4]  ; enet_clk_div ; 3.752 ;      ; Rise       ; enet_clk_div    ;
;  ENET_DATA[5]  ; enet_clk_div ; 3.777 ;      ; Rise       ; enet_clk_div    ;
;  ENET_DATA[6]  ; enet_clk_div ; 3.757 ;      ; Rise       ; enet_clk_div    ;
;  ENET_DATA[7]  ; enet_clk_div ; 3.836 ;      ; Rise       ; enet_clk_div    ;
;  ENET_DATA[8]  ; enet_clk_div ; 3.877 ;      ; Rise       ; enet_clk_div    ;
;  ENET_DATA[9]  ; enet_clk_div ; 3.877 ;      ; Rise       ; enet_clk_div    ;
;  ENET_DATA[10] ; enet_clk_div ; 3.876 ;      ; Rise       ; enet_clk_div    ;
;  ENET_DATA[11] ; enet_clk_div ; 3.960 ;      ; Rise       ; enet_clk_div    ;
;  ENET_DATA[12] ; enet_clk_div ; 3.894 ;      ; Rise       ; enet_clk_div    ;
;  ENET_DATA[13] ; enet_clk_div ; 3.886 ;      ; Rise       ; enet_clk_div    ;
;  ENET_DATA[14] ; enet_clk_div ; 3.894 ;      ; Rise       ; enet_clk_div    ;
;  ENET_DATA[15] ; enet_clk_div ; 3.960 ;      ; Rise       ; enet_clk_div    ;
+----------------+--------------+-------+------+------------+-----------------+


+--------------------------------------------------------------------------------------+
; Output Disable Times                                                                 ;
+----------------+--------------+-----------+-----------+------------+-----------------+
; Data Port      ; Clock Port   ; 0 to Hi-Z ; 1 to Hi-Z ; Clock Edge ; Clock Reference ;
+----------------+--------------+-----------+-----------+------------+-----------------+
; DRAM_DQ[*]     ; enet_clk_div ; 3.771     ;           ; Rise       ; enet_clk_div    ;
;  DRAM_DQ[0]    ; enet_clk_div ; 4.026     ;           ; Rise       ; enet_clk_div    ;
;  DRAM_DQ[1]    ; enet_clk_div ; 3.856     ;           ; Rise       ; enet_clk_div    ;
;  DRAM_DQ[2]    ; enet_clk_div ; 3.887     ;           ; Rise       ; enet_clk_div    ;
;  DRAM_DQ[3]    ; enet_clk_div ; 4.026     ;           ; Rise       ; enet_clk_div    ;
;  DRAM_DQ[4]    ; enet_clk_div ; 3.887     ;           ; Rise       ; enet_clk_div    ;
;  DRAM_DQ[5]    ; enet_clk_div ; 3.771     ;           ; Rise       ; enet_clk_div    ;
;  DRAM_DQ[6]    ; enet_clk_div ; 4.045     ;           ; Rise       ; enet_clk_div    ;
;  DRAM_DQ[7]    ; enet_clk_div ; 4.045     ;           ; Rise       ; enet_clk_div    ;
;  DRAM_DQ[8]    ; enet_clk_div ; 3.771     ;           ; Rise       ; enet_clk_div    ;
;  DRAM_DQ[9]    ; enet_clk_div ; 4.025     ;           ; Rise       ; enet_clk_div    ;
;  DRAM_DQ[10]   ; enet_clk_div ; 3.866     ;           ; Rise       ; enet_clk_div    ;
;  DRAM_DQ[11]   ; enet_clk_div ; 4.005     ;           ; Rise       ; enet_clk_div    ;
;  DRAM_DQ[12]   ; enet_clk_div ; 3.926     ;           ; Rise       ; enet_clk_div    ;
;  DRAM_DQ[13]   ; enet_clk_div ; 4.036     ;           ; Rise       ; enet_clk_div    ;
;  DRAM_DQ[14]   ; enet_clk_div ; 4.036     ;           ; Rise       ; enet_clk_div    ;
;  DRAM_DQ[15]   ; enet_clk_div ; 3.916     ;           ; Rise       ; enet_clk_div    ;
; ENET_DATA[*]   ; enet_clk_div ; 3.752     ;           ; Rise       ; enet_clk_div    ;
;  ENET_DATA[0]  ; enet_clk_div ; 3.752     ;           ; Rise       ; enet_clk_div    ;
;  ENET_DATA[1]  ; enet_clk_div ; 3.846     ;           ; Rise       ; enet_clk_div    ;
;  ENET_DATA[2]  ; enet_clk_div ; 3.757     ;           ; Rise       ; enet_clk_div    ;
;  ENET_DATA[3]  ; enet_clk_div ; 3.777     ;           ; Rise       ; enet_clk_div    ;
;  ENET_DATA[4]  ; enet_clk_div ; 3.752     ;           ; Rise       ; enet_clk_div    ;
;  ENET_DATA[5]  ; enet_clk_div ; 3.777     ;           ; Rise       ; enet_clk_div    ;
;  ENET_DATA[6]  ; enet_clk_div ; 3.757     ;           ; Rise       ; enet_clk_div    ;
;  ENET_DATA[7]  ; enet_clk_div ; 3.836     ;           ; Rise       ; enet_clk_div    ;
;  ENET_DATA[8]  ; enet_clk_div ; 3.877     ;           ; Rise       ; enet_clk_div    ;
;  ENET_DATA[9]  ; enet_clk_div ; 3.877     ;           ; Rise       ; enet_clk_div    ;
;  ENET_DATA[10] ; enet_clk_div ; 3.876     ;           ; Rise       ; enet_clk_div    ;
;  ENET_DATA[11] ; enet_clk_div ; 3.960     ;           ; Rise       ; enet_clk_div    ;
;  ENET_DATA[12] ; enet_clk_div ; 3.894     ;           ; Rise       ; enet_clk_div    ;
;  ENET_DATA[13] ; enet_clk_div ; 3.886     ;           ; Rise       ; enet_clk_div    ;
;  ENET_DATA[14] ; enet_clk_div ; 3.894     ;           ; Rise       ; enet_clk_div    ;
;  ENET_DATA[15] ; enet_clk_div ; 3.960     ;           ; Rise       ; enet_clk_div    ;
+----------------+--------------+-----------+-----------+------------+-----------------+


+--------------------------------------------------------------------------------------+
; Minimum Output Disable Times                                                         ;
+----------------+--------------+-----------+-----------+------------+-----------------+
; Data Port      ; Clock Port   ; 0 to Hi-Z ; 1 to Hi-Z ; Clock Edge ; Clock Reference ;
+----------------+--------------+-----------+-----------+------------+-----------------+
; DRAM_DQ[*]     ; enet_clk_div ; 3.771     ;           ; Rise       ; enet_clk_div    ;
;  DRAM_DQ[0]    ; enet_clk_div ; 4.026     ;           ; Rise       ; enet_clk_div    ;
;  DRAM_DQ[1]    ; enet_clk_div ; 3.856     ;           ; Rise       ; enet_clk_div    ;
;  DRAM_DQ[2]    ; enet_clk_div ; 3.887     ;           ; Rise       ; enet_clk_div    ;
;  DRAM_DQ[3]    ; enet_clk_div ; 4.026     ;           ; Rise       ; enet_clk_div    ;
;  DRAM_DQ[4]    ; enet_clk_div ; 3.887     ;           ; Rise       ; enet_clk_div    ;
;  DRAM_DQ[5]    ; enet_clk_div ; 3.771     ;           ; Rise       ; enet_clk_div    ;
;  DRAM_DQ[6]    ; enet_clk_div ; 4.045     ;           ; Rise       ; enet_clk_div    ;
;  DRAM_DQ[7]    ; enet_clk_div ; 4.045     ;           ; Rise       ; enet_clk_div    ;
;  DRAM_DQ[8]    ; enet_clk_div ; 3.771     ;           ; Rise       ; enet_clk_div    ;
;  DRAM_DQ[9]    ; enet_clk_div ; 4.025     ;           ; Rise       ; enet_clk_div    ;
;  DRAM_DQ[10]   ; enet_clk_div ; 3.866     ;           ; Rise       ; enet_clk_div    ;
;  DRAM_DQ[11]   ; enet_clk_div ; 4.005     ;           ; Rise       ; enet_clk_div    ;
;  DRAM_DQ[12]   ; enet_clk_div ; 3.926     ;           ; Rise       ; enet_clk_div    ;
;  DRAM_DQ[13]   ; enet_clk_div ; 4.036     ;           ; Rise       ; enet_clk_div    ;
;  DRAM_DQ[14]   ; enet_clk_div ; 4.036     ;           ; Rise       ; enet_clk_div    ;
;  DRAM_DQ[15]   ; enet_clk_div ; 3.916     ;           ; Rise       ; enet_clk_div    ;
; ENET_DATA[*]   ; enet_clk_div ; 3.752     ;           ; Rise       ; enet_clk_div    ;
;  ENET_DATA[0]  ; enet_clk_div ; 3.752     ;           ; Rise       ; enet_clk_div    ;
;  ENET_DATA[1]  ; enet_clk_div ; 3.846     ;           ; Rise       ; enet_clk_div    ;
;  ENET_DATA[2]  ; enet_clk_div ; 3.757     ;           ; Rise       ; enet_clk_div    ;
;  ENET_DATA[3]  ; enet_clk_div ; 3.777     ;           ; Rise       ; enet_clk_div    ;
;  ENET_DATA[4]  ; enet_clk_div ; 3.752     ;           ; Rise       ; enet_clk_div    ;
;  ENET_DATA[5]  ; enet_clk_div ; 3.777     ;           ; Rise       ; enet_clk_div    ;
;  ENET_DATA[6]  ; enet_clk_div ; 3.757     ;           ; Rise       ; enet_clk_div    ;
;  ENET_DATA[7]  ; enet_clk_div ; 3.836     ;           ; Rise       ; enet_clk_div    ;
;  ENET_DATA[8]  ; enet_clk_div ; 3.877     ;           ; Rise       ; enet_clk_div    ;
;  ENET_DATA[9]  ; enet_clk_div ; 3.877     ;           ; Rise       ; enet_clk_div    ;
;  ENET_DATA[10] ; enet_clk_div ; 3.876     ;           ; Rise       ; enet_clk_div    ;
;  ENET_DATA[11] ; enet_clk_div ; 3.960     ;           ; Rise       ; enet_clk_div    ;
;  ENET_DATA[12] ; enet_clk_div ; 3.894     ;           ; Rise       ; enet_clk_div    ;
;  ENET_DATA[13] ; enet_clk_div ; 3.886     ;           ; Rise       ; enet_clk_div    ;
;  ENET_DATA[14] ; enet_clk_div ; 3.894     ;           ; Rise       ; enet_clk_div    ;
;  ENET_DATA[15] ; enet_clk_div ; 3.960     ;           ; Rise       ; enet_clk_div    ;
+----------------+--------------+-----------+-----------+------------+-----------------+


+---------------------------------------------------------------------------------+
; Multicorner Timing Analysis Summary                                             ;
+------------------+----------+--------+----------+---------+---------------------+
; Clock            ; Setup    ; Hold   ; Recovery ; Removal ; Minimum Pulse Width ;
+------------------+----------+--------+----------+---------+---------------------+
; Worst-case Slack ; -5.020   ; -2.173 ; N/A      ; N/A     ; -1.222              ;
;  CLOCK_50        ; 1.560    ; -2.173 ; N/A      ; N/A     ; -1.222              ;
;  enet_clk_div    ; -5.020   ; 0.215  ; N/A      ; N/A     ; -0.500              ;
; Design-wide TNS  ; -868.353 ; -2.173 ; 0.0      ; 0.0     ; -451.222            ;
;  CLOCK_50        ; 0.000    ; -2.173 ; N/A      ; N/A     ; -2.222              ;
;  enet_clk_div    ; -868.353 ; 0.000  ; N/A      ; N/A     ; -449.000            ;
+------------------+----------+--------+----------+---------+---------------------+


+------------------------------------------------------------------------------+
; Setup Times                                                                  ;
+----------------+--------------+-------+-------+------------+-----------------+
; Data Port      ; Clock Port   ; Rise  ; Fall  ; Clock Edge ; Clock Reference ;
+----------------+--------------+-------+-------+------------+-----------------+
; DRAM_DQ[*]     ; enet_clk_div ; 3.317 ; 3.317 ; Rise       ; enet_clk_div    ;
;  DRAM_DQ[0]    ; enet_clk_div ; 3.092 ; 3.092 ; Rise       ; enet_clk_div    ;
;  DRAM_DQ[1]    ; enet_clk_div ; 3.035 ; 3.035 ; Rise       ; enet_clk_div    ;
;  DRAM_DQ[2]    ; enet_clk_div ; 2.845 ; 2.845 ; Rise       ; enet_clk_div    ;
;  DRAM_DQ[3]    ; enet_clk_div ; 3.089 ; 3.089 ; Rise       ; enet_clk_div    ;
;  DRAM_DQ[4]    ; enet_clk_div ; 2.843 ; 2.843 ; Rise       ; enet_clk_div    ;
;  DRAM_DQ[5]    ; enet_clk_div ; 2.837 ; 2.837 ; Rise       ; enet_clk_div    ;
;  DRAM_DQ[6]    ; enet_clk_div ; 3.317 ; 3.317 ; Rise       ; enet_clk_div    ;
;  DRAM_DQ[7]    ; enet_clk_div ; 3.129 ; 3.129 ; Rise       ; enet_clk_div    ;
;  DRAM_DQ[8]    ; enet_clk_div ; 2.854 ; 2.854 ; Rise       ; enet_clk_div    ;
;  DRAM_DQ[9]    ; enet_clk_div ; 3.179 ; 3.179 ; Rise       ; enet_clk_div    ;
;  DRAM_DQ[10]   ; enet_clk_div ; 2.818 ; 2.818 ; Rise       ; enet_clk_div    ;
;  DRAM_DQ[11]   ; enet_clk_div ; 2.806 ; 2.806 ; Rise       ; enet_clk_div    ;
;  DRAM_DQ[12]   ; enet_clk_div ; 2.888 ; 2.888 ; Rise       ; enet_clk_div    ;
;  DRAM_DQ[13]   ; enet_clk_div ; 3.167 ; 3.167 ; Rise       ; enet_clk_div    ;
;  DRAM_DQ[14]   ; enet_clk_div ; 3.087 ; 3.087 ; Rise       ; enet_clk_div    ;
;  DRAM_DQ[15]   ; enet_clk_div ; 2.871 ; 2.871 ; Rise       ; enet_clk_div    ;
; ENET_DATA[*]   ; enet_clk_div ; 3.722 ; 3.722 ; Rise       ; enet_clk_div    ;
;  ENET_DATA[0]  ; enet_clk_div ; 3.233 ; 3.233 ; Rise       ; enet_clk_div    ;
;  ENET_DATA[1]  ; enet_clk_div ; 3.213 ; 3.213 ; Rise       ; enet_clk_div    ;
;  ENET_DATA[2]  ; enet_clk_div ; 3.722 ; 3.722 ; Rise       ; enet_clk_div    ;
;  ENET_DATA[3]  ; enet_clk_div ; 3.245 ; 3.245 ; Rise       ; enet_clk_div    ;
;  ENET_DATA[4]  ; enet_clk_div ; 3.220 ; 3.220 ; Rise       ; enet_clk_div    ;
;  ENET_DATA[5]  ; enet_clk_div ; 3.470 ; 3.470 ; Rise       ; enet_clk_div    ;
;  ENET_DATA[6]  ; enet_clk_div ; 3.112 ; 3.112 ; Rise       ; enet_clk_div    ;
;  ENET_DATA[7]  ; enet_clk_div ; 3.270 ; 3.270 ; Rise       ; enet_clk_div    ;
;  ENET_DATA[8]  ; enet_clk_div ; 3.474 ; 3.474 ; Rise       ; enet_clk_div    ;
;  ENET_DATA[9]  ; enet_clk_div ; 3.350 ; 3.350 ; Rise       ; enet_clk_div    ;
;  ENET_DATA[10] ; enet_clk_div ; 3.280 ; 3.280 ; Rise       ; enet_clk_div    ;
;  ENET_DATA[11] ; enet_clk_div ; 3.316 ; 3.316 ; Rise       ; enet_clk_div    ;
;  ENET_DATA[12] ; enet_clk_div ; 3.008 ; 3.008 ; Rise       ; enet_clk_div    ;
;  ENET_DATA[13] ; enet_clk_div ; 3.236 ; 3.236 ; Rise       ; enet_clk_div    ;
;  ENET_DATA[14] ; enet_clk_div ; 3.024 ; 3.024 ; Rise       ; enet_clk_div    ;
;  ENET_DATA[15] ; enet_clk_div ; 3.380 ; 3.380 ; Rise       ; enet_clk_div    ;
; ENET_INT       ; enet_clk_div ; 4.493 ; 4.493 ; Rise       ; enet_clk_div    ;
+----------------+--------------+-------+-------+------------+-----------------+


+--------------------------------------------------------------------------------+
; Hold Times                                                                     ;
+----------------+--------------+--------+--------+------------+-----------------+
; Data Port      ; Clock Port   ; Rise   ; Fall   ; Clock Edge ; Clock Reference ;
+----------------+--------------+--------+--------+------------+-----------------+
; DRAM_DQ[*]     ; enet_clk_div ; -1.469 ; -1.469 ; Rise       ; enet_clk_div    ;
;  DRAM_DQ[0]    ; enet_clk_div ; -1.612 ; -1.612 ; Rise       ; enet_clk_div    ;
;  DRAM_DQ[1]    ; enet_clk_div ; -1.569 ; -1.569 ; Rise       ; enet_clk_div    ;
;  DRAM_DQ[2]    ; enet_clk_div ; -1.504 ; -1.504 ; Rise       ; enet_clk_div    ;
;  DRAM_DQ[3]    ; enet_clk_div ; -1.609 ; -1.609 ; Rise       ; enet_clk_div    ;
;  DRAM_DQ[4]    ; enet_clk_div ; -1.504 ; -1.504 ; Rise       ; enet_clk_div    ;
;  DRAM_DQ[5]    ; enet_clk_div ; -1.496 ; -1.496 ; Rise       ; enet_clk_div    ;
;  DRAM_DQ[6]    ; enet_clk_div ; -1.722 ; -1.722 ; Rise       ; enet_clk_div    ;
;  DRAM_DQ[7]    ; enet_clk_div ; -1.646 ; -1.646 ; Rise       ; enet_clk_div    ;
;  DRAM_DQ[8]    ; enet_clk_div ; -1.508 ; -1.508 ; Rise       ; enet_clk_div    ;
;  DRAM_DQ[9]    ; enet_clk_div ; -1.681 ; -1.681 ; Rise       ; enet_clk_div    ;
;  DRAM_DQ[10]   ; enet_clk_div ; -1.477 ; -1.477 ; Rise       ; enet_clk_div    ;
;  DRAM_DQ[11]   ; enet_clk_div ; -1.469 ; -1.469 ; Rise       ; enet_clk_div    ;
;  DRAM_DQ[12]   ; enet_clk_div ; -1.544 ; -1.544 ; Rise       ; enet_clk_div    ;
;  DRAM_DQ[13]   ; enet_clk_div ; -1.668 ; -1.668 ; Rise       ; enet_clk_div    ;
;  DRAM_DQ[14]   ; enet_clk_div ; -1.615 ; -1.615 ; Rise       ; enet_clk_div    ;
;  DRAM_DQ[15]   ; enet_clk_div ; -1.530 ; -1.530 ; Rise       ; enet_clk_div    ;
; ENET_DATA[*]   ; enet_clk_div ; -1.611 ; -1.611 ; Rise       ; enet_clk_div    ;
;  ENET_DATA[0]  ; enet_clk_div ; -1.701 ; -1.701 ; Rise       ; enet_clk_div    ;
;  ENET_DATA[1]  ; enet_clk_div ; -1.688 ; -1.688 ; Rise       ; enet_clk_div    ;
;  ENET_DATA[2]  ; enet_clk_div ; -1.914 ; -1.914 ; Rise       ; enet_clk_div    ;
;  ENET_DATA[3]  ; enet_clk_div ; -1.719 ; -1.719 ; Rise       ; enet_clk_div    ;
;  ENET_DATA[4]  ; enet_clk_div ; -1.711 ; -1.711 ; Rise       ; enet_clk_div    ;
;  ENET_DATA[5]  ; enet_clk_div ; -1.817 ; -1.817 ; Rise       ; enet_clk_div    ;
;  ENET_DATA[6]  ; enet_clk_div ; -1.628 ; -1.628 ; Rise       ; enet_clk_div    ;
;  ENET_DATA[7]  ; enet_clk_div ; -1.677 ; -1.677 ; Rise       ; enet_clk_div    ;
;  ENET_DATA[8]  ; enet_clk_div ; -1.820 ; -1.820 ; Rise       ; enet_clk_div    ;
;  ENET_DATA[9]  ; enet_clk_div ; -1.743 ; -1.743 ; Rise       ; enet_clk_div    ;
;  ENET_DATA[10] ; enet_clk_div ; -1.730 ; -1.730 ; Rise       ; enet_clk_div    ;
;  ENET_DATA[11] ; enet_clk_div ; -1.716 ; -1.716 ; Rise       ; enet_clk_div    ;
;  ENET_DATA[12] ; enet_clk_div ; -1.611 ; -1.611 ; Rise       ; enet_clk_div    ;
;  ENET_DATA[13] ; enet_clk_div ; -1.711 ; -1.711 ; Rise       ; enet_clk_div    ;
;  ENET_DATA[14] ; enet_clk_div ; -1.636 ; -1.636 ; Rise       ; enet_clk_div    ;
;  ENET_DATA[15] ; enet_clk_div ; -1.768 ; -1.768 ; Rise       ; enet_clk_div    ;
; ENET_INT       ; enet_clk_div ; -1.863 ; -1.863 ; Rise       ; enet_clk_div    ;
+----------------+--------------+--------+--------+------------+-----------------+


+------------------------------------------------------------------------------+
; Clock to Output Times                                                        ;
+----------------+--------------+-------+-------+------------+-----------------+
; Data Port      ; Clock Port   ; Rise  ; Fall  ; Clock Edge ; Clock Reference ;
+----------------+--------------+-------+-------+------------+-----------------+
; DRAM_ADDR[*]   ; enet_clk_div ; 8.486 ; 8.486 ; Rise       ; enet_clk_div    ;
;  DRAM_ADDR[0]  ; enet_clk_div ; 7.787 ; 7.787 ; Rise       ; enet_clk_div    ;
;  DRAM_ADDR[1]  ; enet_clk_div ; 7.758 ; 7.758 ; Rise       ; enet_clk_div    ;
;  DRAM_ADDR[2]  ; enet_clk_div ; 7.562 ; 7.562 ; Rise       ; enet_clk_div    ;
;  DRAM_ADDR[3]  ; enet_clk_div ; 7.719 ; 7.719 ; Rise       ; enet_clk_div    ;
;  DRAM_ADDR[4]  ; enet_clk_div ; 8.486 ; 8.486 ; Rise       ; enet_clk_div    ;
;  DRAM_ADDR[5]  ; enet_clk_div ; 7.847 ; 7.847 ; Rise       ; enet_clk_div    ;
;  DRAM_ADDR[6]  ; enet_clk_div ; 7.200 ; 7.200 ; Rise       ; enet_clk_div    ;
;  DRAM_ADDR[7]  ; enet_clk_div ; 7.965 ; 7.965 ; Rise       ; enet_clk_div    ;
;  DRAM_ADDR[8]  ; enet_clk_div ; 6.989 ; 6.989 ; Rise       ; enet_clk_div    ;
;  DRAM_ADDR[9]  ; enet_clk_div ; 8.259 ; 8.259 ; Rise       ; enet_clk_div    ;
;  DRAM_ADDR[10] ; enet_clk_div ; 7.013 ; 7.013 ; Rise       ; enet_clk_div    ;
;  DRAM_ADDR[11] ; enet_clk_div ; 7.212 ; 7.212 ; Rise       ; enet_clk_div    ;
; DRAM_BA_0      ; enet_clk_div ; 7.059 ; 7.059 ; Rise       ; enet_clk_div    ;
; DRAM_BA_1      ; enet_clk_div ; 7.027 ; 7.027 ; Rise       ; enet_clk_div    ;
; DRAM_CAS_N     ; enet_clk_div ; 7.738 ; 7.738 ; Rise       ; enet_clk_div    ;
; DRAM_CKE       ; enet_clk_div ; 7.029 ; 7.029 ; Rise       ; enet_clk_div    ;
; DRAM_CLK       ; enet_clk_div ;       ; 3.428 ; Rise       ; enet_clk_div    ;
; DRAM_DQ[*]     ; enet_clk_div ; 7.258 ; 7.258 ; Rise       ; enet_clk_div    ;
;  DRAM_DQ[0]    ; enet_clk_div ; 7.020 ; 7.020 ; Rise       ; enet_clk_div    ;
;  DRAM_DQ[1]    ; enet_clk_div ; 6.961 ; 6.961 ; Rise       ; enet_clk_div    ;
;  DRAM_DQ[2]    ; enet_clk_div ; 6.785 ; 6.785 ; Rise       ; enet_clk_div    ;
;  DRAM_DQ[3]    ; enet_clk_div ; 7.015 ; 7.015 ; Rise       ; enet_clk_div    ;
;  DRAM_DQ[4]    ; enet_clk_div ; 6.781 ; 6.781 ; Rise       ; enet_clk_div    ;
;  DRAM_DQ[5]    ; enet_clk_div ; 6.773 ; 6.773 ; Rise       ; enet_clk_div    ;
;  DRAM_DQ[6]    ; enet_clk_div ; 7.258 ; 7.258 ; Rise       ; enet_clk_div    ;
;  DRAM_DQ[7]    ; enet_clk_div ; 7.029 ; 7.029 ; Rise       ; enet_clk_div    ;
;  DRAM_DQ[8]    ; enet_clk_div ; 6.771 ; 6.771 ; Rise       ; enet_clk_div    ;
;  DRAM_DQ[9]    ; enet_clk_div ; 7.013 ; 7.013 ; Rise       ; enet_clk_div    ;
;  DRAM_DQ[10]   ; enet_clk_div ; 6.748 ; 6.748 ; Rise       ; enet_clk_div    ;
;  DRAM_DQ[11]   ; enet_clk_div ; 6.994 ; 6.994 ; Rise       ; enet_clk_div    ;
;  DRAM_DQ[12]   ; enet_clk_div ; 6.818 ; 6.818 ; Rise       ; enet_clk_div    ;
;  DRAM_DQ[13]   ; enet_clk_div ; 7.022 ; 7.022 ; Rise       ; enet_clk_div    ;
;  DRAM_DQ[14]   ; enet_clk_div ; 7.030 ; 7.030 ; Rise       ; enet_clk_div    ;
;  DRAM_DQ[15]   ; enet_clk_div ; 6.801 ; 6.801 ; Rise       ; enet_clk_div    ;
; DRAM_LDQM      ; enet_clk_div ; 7.699 ; 7.699 ; Rise       ; enet_clk_div    ;
; DRAM_RAS_N     ; enet_clk_div ; 7.723 ; 7.723 ; Rise       ; enet_clk_div    ;
; DRAM_UDQM      ; enet_clk_div ; 7.699 ; 7.699 ; Rise       ; enet_clk_div    ;
; DRAM_WE_N      ; enet_clk_div ; 7.745 ; 7.745 ; Rise       ; enet_clk_div    ;
; ENET_CLK       ; enet_clk_div ; 3.428 ;       ; Rise       ; enet_clk_div    ;
; ENET_CMD       ; enet_clk_div ; 6.968 ; 6.968 ; Rise       ; enet_clk_div    ;
; ENET_CS_N      ; enet_clk_div ; 6.982 ; 6.982 ; Rise       ; enet_clk_div    ;
; ENET_DATA[*]   ; enet_clk_div ; 6.985 ; 6.985 ; Rise       ; enet_clk_div    ;
;  ENET_DATA[0]  ; enet_clk_div ; 6.974 ; 6.974 ; Rise       ; enet_clk_div    ;
;  ENET_DATA[1]  ; enet_clk_div ; 6.737 ; 6.737 ; Rise       ; enet_clk_div    ;
;  ENET_DATA[2]  ; enet_clk_div ; 6.747 ; 6.747 ; Rise       ; enet_clk_div    ;
;  ENET_DATA[3]  ; enet_clk_div ; 6.985 ; 6.985 ; Rise       ; enet_clk_div    ;
;  ENET_DATA[4]  ; enet_clk_div ; 6.983 ; 6.983 ; Rise       ; enet_clk_div    ;
;  ENET_DATA[5]  ; enet_clk_div ; 6.983 ; 6.983 ; Rise       ; enet_clk_div    ;
;  ENET_DATA[6]  ; enet_clk_div ; 6.740 ; 6.740 ; Rise       ; enet_clk_div    ;
;  ENET_DATA[7]  ; enet_clk_div ; 6.725 ; 6.725 ; Rise       ; enet_clk_div    ;
; ENET_RD_N      ; enet_clk_div ; 7.214 ; 7.214 ; Rise       ; enet_clk_div    ;
; ENET_RST_N     ; enet_clk_div ; 7.460 ; 7.460 ; Rise       ; enet_clk_div    ;
; ENET_WR_N      ; enet_clk_div ; 7.215 ; 7.215 ; Rise       ; enet_clk_div    ;
; LEDG[*]        ; enet_clk_div ; 9.012 ; 9.012 ; Rise       ; enet_clk_div    ;
;  LEDG[0]       ; enet_clk_div ; 7.248 ; 7.248 ; Rise       ; enet_clk_div    ;
;  LEDG[1]       ; enet_clk_div ; 7.420 ; 7.420 ; Rise       ; enet_clk_div    ;
;  LEDG[2]       ; enet_clk_div ; 7.428 ; 7.428 ; Rise       ; enet_clk_div    ;
;  LEDG[3]       ; enet_clk_div ; 7.048 ; 7.048 ; Rise       ; enet_clk_div    ;
;  LEDG[4]       ; enet_clk_div ; 7.612 ; 7.612 ; Rise       ; enet_clk_div    ;
;  LEDG[5]       ; enet_clk_div ; 7.029 ; 7.029 ; Rise       ; enet_clk_div    ;
;  LEDG[6]       ; enet_clk_div ; 7.468 ; 7.468 ; Rise       ; enet_clk_div    ;
;  LEDG[7]       ; enet_clk_div ; 9.012 ; 9.012 ; Rise       ; enet_clk_div    ;
;  LEDG[8]       ; enet_clk_div ; 7.247 ; 7.247 ; Rise       ; enet_clk_div    ;
; DRAM_CLK       ; enet_clk_div ; 3.428 ;       ; Fall       ; enet_clk_div    ;
; ENET_CLK       ; enet_clk_div ;       ; 3.428 ; Fall       ; enet_clk_div    ;
+----------------+--------------+-------+-------+------------+-----------------+


+------------------------------------------------------------------------------+
; Minimum Clock to Output Times                                                ;
+----------------+--------------+-------+-------+------------+-----------------+
; Data Port      ; Clock Port   ; Rise  ; Fall  ; Clock Edge ; Clock Reference ;
+----------------+--------------+-------+-------+------------+-----------------+
; DRAM_ADDR[*]   ; enet_clk_div ; 3.884 ; 3.884 ; Rise       ; enet_clk_div    ;
;  DRAM_ADDR[0]  ; enet_clk_div ; 4.268 ; 4.268 ; Rise       ; enet_clk_div    ;
;  DRAM_ADDR[1]  ; enet_clk_div ; 4.240 ; 4.240 ; Rise       ; enet_clk_div    ;
;  DRAM_ADDR[2]  ; enet_clk_div ; 4.180 ; 4.180 ; Rise       ; enet_clk_div    ;
;  DRAM_ADDR[3]  ; enet_clk_div ; 4.219 ; 4.219 ; Rise       ; enet_clk_div    ;
;  DRAM_ADDR[4]  ; enet_clk_div ; 4.581 ; 4.581 ; Rise       ; enet_clk_div    ;
;  DRAM_ADDR[5]  ; enet_clk_div ; 4.306 ; 4.306 ; Rise       ; enet_clk_div    ;
;  DRAM_ADDR[6]  ; enet_clk_div ; 3.971 ; 3.971 ; Rise       ; enet_clk_div    ;
;  DRAM_ADDR[7]  ; enet_clk_div ; 4.335 ; 4.335 ; Rise       ; enet_clk_div    ;
;  DRAM_ADDR[8]  ; enet_clk_div ; 3.884 ; 3.884 ; Rise       ; enet_clk_div    ;
;  DRAM_ADDR[9]  ; enet_clk_div ; 4.472 ; 4.472 ; Rise       ; enet_clk_div    ;
;  DRAM_ADDR[10] ; enet_clk_div ; 3.885 ; 3.885 ; Rise       ; enet_clk_div    ;
;  DRAM_ADDR[11] ; enet_clk_div ; 3.980 ; 3.980 ; Rise       ; enet_clk_div    ;
; DRAM_BA_0      ; enet_clk_div ; 3.918 ; 3.918 ; Rise       ; enet_clk_div    ;
; DRAM_BA_1      ; enet_clk_div ; 3.892 ; 3.892 ; Rise       ; enet_clk_div    ;
; DRAM_CAS_N     ; enet_clk_div ; 4.224 ; 4.224 ; Rise       ; enet_clk_div    ;
; DRAM_CKE       ; enet_clk_div ; 3.909 ; 3.909 ; Rise       ; enet_clk_div    ;
; DRAM_CLK       ; enet_clk_div ;       ; 1.847 ; Rise       ; enet_clk_div    ;
; DRAM_DQ[*]     ; enet_clk_div ; 3.777 ; 3.777 ; Rise       ; enet_clk_div    ;
;  DRAM_DQ[0]    ; enet_clk_div ; 3.910 ; 3.910 ; Rise       ; enet_clk_div    ;
;  DRAM_DQ[1]    ; enet_clk_div ; 3.863 ; 3.863 ; Rise       ; enet_clk_div    ;
;  DRAM_DQ[2]    ; enet_clk_div ; 3.807 ; 3.807 ; Rise       ; enet_clk_div    ;
;  DRAM_DQ[3]    ; enet_clk_div ; 3.907 ; 3.907 ; Rise       ; enet_clk_div    ;
;  DRAM_DQ[4]    ; enet_clk_div ; 3.808 ; 3.808 ; Rise       ; enet_clk_div    ;
;  DRAM_DQ[5]    ; enet_clk_div ; 3.799 ; 3.799 ; Rise       ; enet_clk_div    ;
;  DRAM_DQ[6]    ; enet_clk_div ; 4.026 ; 4.026 ; Rise       ; enet_clk_div    ;
;  DRAM_DQ[7]    ; enet_clk_div ; 3.923 ; 3.923 ; Rise       ; enet_clk_div    ;
;  DRAM_DQ[8]    ; enet_clk_div ; 3.798 ; 3.798 ; Rise       ; enet_clk_div    ;
;  DRAM_DQ[9]    ; enet_clk_div ; 3.906 ; 3.906 ; Rise       ; enet_clk_div    ;
;  DRAM_DQ[10]   ; enet_clk_div ; 3.777 ; 3.777 ; Rise       ; enet_clk_div    ;
;  DRAM_DQ[11]   ; enet_clk_div ; 3.886 ; 3.886 ; Rise       ; enet_clk_div    ;
;  DRAM_DQ[12]   ; enet_clk_div ; 3.839 ; 3.839 ; Rise       ; enet_clk_div    ;
;  DRAM_DQ[13]   ; enet_clk_div ; 3.916 ; 3.916 ; Rise       ; enet_clk_div    ;
;  DRAM_DQ[14]   ; enet_clk_div ; 3.921 ; 3.921 ; Rise       ; enet_clk_div    ;
;  DRAM_DQ[15]   ; enet_clk_div ; 3.826 ; 3.826 ; Rise       ; enet_clk_div    ;
; DRAM_LDQM      ; enet_clk_div ; 4.217 ; 4.217 ; Rise       ; enet_clk_div    ;
; DRAM_RAS_N     ; enet_clk_div ; 4.259 ; 4.259 ; Rise       ; enet_clk_div    ;
; DRAM_UDQM      ; enet_clk_div ; 4.217 ; 4.217 ; Rise       ; enet_clk_div    ;
; DRAM_WE_N      ; enet_clk_div ; 4.226 ; 4.226 ; Rise       ; enet_clk_div    ;
; ENET_CLK       ; enet_clk_div ; 1.847 ;       ; Rise       ; enet_clk_div    ;
; ENET_CMD       ; enet_clk_div ; 3.875 ; 3.875 ; Rise       ; enet_clk_div    ;
; ENET_CS_N      ; enet_clk_div ; 3.887 ; 3.887 ; Rise       ; enet_clk_div    ;
; ENET_DATA[*]   ; enet_clk_div ; 3.757 ; 3.757 ; Rise       ; enet_clk_div    ;
;  ENET_DATA[0]  ; enet_clk_div ; 3.875 ; 3.875 ; Rise       ; enet_clk_div    ;
;  ENET_DATA[1]  ; enet_clk_div ; 3.767 ; 3.767 ; Rise       ; enet_clk_div    ;
;  ENET_DATA[2]  ; enet_clk_div ; 3.777 ; 3.777 ; Rise       ; enet_clk_div    ;
;  ENET_DATA[3]  ; enet_clk_div ; 3.886 ; 3.886 ; Rise       ; enet_clk_div    ;
;  ENET_DATA[4]  ; enet_clk_div ; 3.878 ; 3.878 ; Rise       ; enet_clk_div    ;
;  ENET_DATA[5]  ; enet_clk_div ; 3.885 ; 3.885 ; Rise       ; enet_clk_div    ;
;  ENET_DATA[6]  ; enet_clk_div ; 3.774 ; 3.774 ; Rise       ; enet_clk_div    ;
;  ENET_DATA[7]  ; enet_clk_div ; 3.757 ; 3.757 ; Rise       ; enet_clk_div    ;
; ENET_RD_N      ; enet_clk_div ; 3.990 ; 3.990 ; Rise       ; enet_clk_div    ;
; ENET_RST_N     ; enet_clk_div ; 4.105 ; 4.105 ; Rise       ; enet_clk_div    ;
; ENET_WR_N      ; enet_clk_div ; 3.992 ; 3.992 ; Rise       ; enet_clk_div    ;
; LEDG[*]        ; enet_clk_div ; 3.891 ; 3.891 ; Rise       ; enet_clk_div    ;
;  LEDG[0]       ; enet_clk_div ; 4.009 ; 4.009 ; Rise       ; enet_clk_div    ;
;  LEDG[1]       ; enet_clk_div ; 4.110 ; 4.110 ; Rise       ; enet_clk_div    ;
;  LEDG[2]       ; enet_clk_div ; 4.074 ; 4.074 ; Rise       ; enet_clk_div    ;
;  LEDG[3]       ; enet_clk_div ; 3.917 ; 3.917 ; Rise       ; enet_clk_div    ;
;  LEDG[4]       ; enet_clk_div ; 4.207 ; 4.207 ; Rise       ; enet_clk_div    ;
;  LEDG[5]       ; enet_clk_div ; 3.891 ; 3.891 ; Rise       ; enet_clk_div    ;
;  LEDG[6]       ; enet_clk_div ; 4.105 ; 4.105 ; Rise       ; enet_clk_div    ;
;  LEDG[7]       ; enet_clk_div ; 4.705 ; 4.705 ; Rise       ; enet_clk_div    ;
;  LEDG[8]       ; enet_clk_div ; 4.012 ; 4.012 ; Rise       ; enet_clk_div    ;
; DRAM_CLK       ; enet_clk_div ; 1.847 ;       ; Fall       ; enet_clk_div    ;
; ENET_CLK       ; enet_clk_div ;       ; 1.847 ; Fall       ; enet_clk_div    ;
+----------------+--------------+-------+-------+------------+-----------------+


+-------------------------------------------------------------------------+
; Setup Transfers                                                         ;
+--------------+--------------+----------+----------+----------+----------+
; From Clock   ; To Clock     ; RR Paths ; FR Paths ; RF Paths ; FF Paths ;
+--------------+--------------+----------+----------+----------+----------+
; enet_clk_div ; CLOCK_50     ; 1        ; 1        ; 0        ; 0        ;
; enet_clk_div ; enet_clk_div ; 8178     ; 0        ; 0        ; 0        ;
+--------------+--------------+----------+----------+----------+----------+
Entries labeled "false path" only account for clock-to-clock false paths and not path-based false paths. As a result, actual path counts may be lower than reported.


+-------------------------------------------------------------------------+
; Hold Transfers                                                          ;
+--------------+--------------+----------+----------+----------+----------+
; From Clock   ; To Clock     ; RR Paths ; FR Paths ; RF Paths ; FF Paths ;
+--------------+--------------+----------+----------+----------+----------+
; enet_clk_div ; CLOCK_50     ; 1        ; 1        ; 0        ; 0        ;
; enet_clk_div ; enet_clk_div ; 8178     ; 0        ; 0        ; 0        ;
+--------------+--------------+----------+----------+----------+----------+
Entries labeled "false path" only account for clock-to-clock false paths and not path-based false paths. As a result, actual path counts may be lower than reported.


---------------
; Report TCCS ;
---------------
No dedicated SERDES Transmitter circuitry present in device or used in design


---------------
; Report RSKM ;
---------------
No dedicated SERDES Receiver circuitry present in device or used in design


+------------------------------------------------+
; Unconstrained Paths                            ;
+---------------------------------+-------+------+
; Property                        ; Setup ; Hold ;
+---------------------------------+-------+------+
; Illegal Clocks                  ; 0     ; 0    ;
; Unconstrained Clocks            ; 0     ; 0    ;
; Unconstrained Input Ports       ; 34    ; 34   ;
; Unconstrained Input Port Paths  ; 484   ; 484  ;
; Unconstrained Output Ports      ; 68    ; 68   ;
; Unconstrained Output Port Paths ; 93    ; 93   ;
+---------------------------------+-------+------+


+------------------------------------+
; TimeQuest Timing Analyzer Messages ;
+------------------------------------+
Info: *******************************************************************
Info: Running Quartus II 64-Bit TimeQuest Timing Analyzer
    Info: Version 13.0.1 Build 232 06/12/2013 Service Pack 1 SJ Web Edition
    Info: Processing started: Fri Apr 03 15:50:03 2026
Info: Command: quartus_sta Do_An -c Do_An
Info: qsta_default_script.tcl version: #1
Warning (20028): Parallel compilation is not licensed and has been disabled
Info (21077): Low junction temperature is 0 degrees C
Info (21077): High junction temperature is 85 degrees C
Critical Warning (332012): Synopsys Design Constraints File file not found: 'Do_An.sdc'. A Synopsys Design Constraints File is required by the TimeQuest Timing Analyzer to get proper timing constraints. Without it, the Compiler will not properly optimize the design.
Info (332142): No user constrained base clocks found in the design. Calling "derive_clocks -period 1.0"
Info (332105): Deriving Clocks
    Info (332105): create_clock -period 1.000 -name enet_clk_div enet_clk_div
    Info (332105): create_clock -period 1.000 -name CLOCK_50 CLOCK_50
Info: Found TIMEQUEST_REPORT_SCRIPT_INCLUDE_DEFAULT_ANALYSIS = ON
Info: Analyzing Slow Model
Critical Warning (332148): Timing requirements not met
Info (332146): Worst-case setup slack is -5.020
    Info (332119):     Slack End Point TNS Clock 
    Info (332119): ========= ============= =====================
    Info (332119):    -5.020      -868.353 enet_clk_div 
    Info (332119):     2.443         0.000 CLOCK_50 
Info (332146): Worst-case hold slack is -2.173
    Info (332119):     Slack End Point TNS Clock 
    Info (332119): ========= ============= =====================
    Info (332119):    -2.173        -2.173 CLOCK_50 
    Info (332119):     0.391         0.000 enet_clk_div 
Info (332140): No Recovery paths to report
Info (332140): No Removal paths to report
Info (332146): Worst-case minimum pulse width slack is -1.222
    Info (332119):     Slack End Point TNS Clock 
    Info (332119): ========= ============= =====================
    Info (332119):    -1.222        -2.222 CLOCK_50 
    Info (332119):    -0.500      -449.000 enet_clk_div 
Info (332001): The selected device family is not supported by the report_metastability command.
Info: Analyzing Fast Model
Critical Warning (332148): Timing requirements not met
Info (332146): Worst-case setup slack is -1.759
    Info (332119):     Slack End Point TNS Clock 
    Info (332119): ========= ============= =====================
    Info (332119):    -1.759      -203.634 enet_clk_div 
    Info (332119):     1.560         0.000 CLOCK_50 
Info (332146): Worst-case hold slack is -1.180
    Info (332119):     Slack End Point TNS Clock 
    Info (332119): ========= ============= =====================
    Info (332119):    -1.180        -1.180 CLOCK_50 
    Info (332119):     0.215         0.000 enet_clk_div 
Info (332140): No Recovery paths to report
Info (332140): No Removal paths to report
Info (332146): Worst-case minimum pulse width slack is -1.222
    Info (332119):     Slack End Point TNS Clock 
    Info (332119): ========= ============= =====================
    Info (332119):    -1.222        -2.222 CLOCK_50 
    Info (332119):    -0.500      -449.000 enet_clk_div 
Info (332001): The selected device family is not supported by the report_metastability command.
Info (332102): Design is not fully constrained for setup requirements
Info (332102): Design is not fully constrained for hold requirements
Info: Quartus II 64-Bit TimeQuest Timing Analyzer was successful. 0 errors, 4 warnings
    Info: Peak virtual memory: 4565 megabytes
    Info: Processing ended: Fri Apr 03 15:50:04 2026
    Info: Elapsed time: 00:00:01
    Info: Total CPU time (on all processors): 00:00:01


